order_id,customer_id,order_ts,status,subtotal,tax,shipping,total_amount,country,state,payment_method
ord_100000,cust_1003,2025-12-27 08:43:59,pending,429.41,46.8,5.82,482.03,DE,BE,paypal
ord_100001,cust_1367,2026-02-02 16:59:11,cancelled,474.18,34.75,8.41,517.34,FR,ON,card
ord_100002,cust_1486,2026-01-12 21:05:45,refunded,387.82,45.11,16.83,449.76,FR,NY,bank_transfer
ord_100003,cust_1346,2026-01-05 01:16:44,refunded,310.41,24.43,16.3,351.14,GB,ON,paypal
ord_100004,cust_1269,2026-01-17 11:25:02,pending,120.91,11.31,4.1,136.32,FR,LDN,card
ord_100005,cust_1090,2025-12-26 03:37:59,pending,259.86,30.29,8.83,298.98,DE,MH,bank_transfer
ord_100006,cust_1034,2026-01-28 11:39:30,refunded,456.21,49.05,8.87,514.13,FR,WA,bank_transfer
ord_100007,cust_1549,2026-01-29 00:47:34,pending,400.81,20.72,9.16,430.69,FR,WA,apple_pay
ord_100008,cust_1295,2026-01-08 05:44:25,cancelled,46.96,4.83,13.03,64.82,IN,WA,bank_transfer
ord_100009,cust_1063,2026-01-25 15:13:11,cancelled,91.64,5.06,3.32,100.02,FR,ON,card
ord_100010,cust_1337,2026-02-05 12:36:16,cancelled,13.66,1.34,2.43,17.43,GB,TX,card
ord_100011,cust_1483,2026-01-14 11:01:17,paid,123.19,11.01,1.08,135.28,FR,TX,bank_transfer
ord_100012,cust_1520,2025-12-26 11:25:56,refunded,136.47,5.47,7.17,149.11,IN,KA,paypal
ord_100013,cust_1219,2025-12-26 15:26:04,paid,15.67,1.12,0.27,17.06,FR,TX,paypal
ord_100014,cust_1343,2026-01-29 05:30:30,cancelled,198.88,8.34,10.29,217.51,FR,KA,apple_pay
ord_100015,cust_1316,2026-01-28 20:26:47,pending,250.18,26.12,9.14,285.44,US,ON,card
ord_100016,cust_1185,2026-01-03 19:44:33,paid,271.56,19.16,9.84,300.56,CA,ON,apple_pay
ord_100017,cust_1432,2026-01-12 05:39:19,pending,227.06,19.49,11.66,258.21,IN,LDN,apple_pay
ord_100018,cust_1319,2026-01-02 16:17:56,pending,200.86,11.76,1.32,213.94,US,NY,card
ord_100019,cust_1289,2025-12-25 06:46:03,cancelled,464.99,22.47,12.36,499.82,CA,BE,paypal
ord_100020,cust_1258,2026-01-25 03:32:57,refunded,111.25,9.31,5.09,125.65,GB,LDN,paypal
ord_100021,cust_1051,2026-01-20 03:50:35,refunded,216.55,19.05,15.98,251.58,CA,KA,apple_pay
ord_100022,cust_1102,2026-01-28 05:01:19,cancelled,434.25,17.78,10.06,462.09,CA,BE,card
ord_100023,cust_1019,2026-01-18 18:59:11,refunded,18.03,1.28,13.15,32.46,US,NY,apple_pay
ord_100024,cust_1537,2026-02-04 06:23:40,pending,72.43,6.36,10.36,89.15,FR,LDN,bank_transfer
ord_100025,cust_1316,2026-01-06 01:05:16,cancelled,420.02,40.8,10.5,471.32,DE,MH,paypal
ord_100026,cust_1538,2026-01-31 14:46:50,refunded,176.38,20.28,5.49,202.15,CA,NY,paypal
ord_100027,cust_1397,2026-01-10 00:58:44,refunded,75.84,8.2,8.39,92.43,DE,CA,bank_transfer
ord_100028,cust_1233,2026-02-01 21:35:46,cancelled,435.68,33.86,3.59,473.13,DE,WA,apple_pay
ord_100029,cust_1265,2026-01-20 10:28:44,cancelled,458.14,41.77,8.57,508.48,CA,BE,apple_pay
ord_100030,cust_1137,2026-01-21 03:08:28,paid,325.19,17.53,8.43,351.15,GB,KA,paypal
ord_100031,cust_1440,2026-01-30 10:46:59,cancelled,204.26,17.44,1.45,223.15,FR,BE,paypal
ord_100032,cust_1479,2026-02-05 14:06:07,cancelled,416.92,31.88,1.1,449.9,DE,MH,bank_transfer
ord_100033,cust_1401,2026-01-09 01:55:11,pending,448.95,35.01,4.54,488.5,US,CA,bank_transfer
ord_100034,cust_1203,2025-12-31 00:39:23,refunded,264.9,28.09,15.38,308.37,GB,WA,apple_pay
ord_100035,cust_1339,2026-01-11 11:28:50,pending,46.07,4.62,13.09,63.78,GB,LDN,card
ord_100036,cust_1024,2026-01-06 04:10:26,paid,478.96,43.6,8.78,531.34,DE,WA,paypal
ord_100037,cust_1313,2026-01-15 00:22:53,cancelled,192.26,11.04,16.96,220.26,FR,NY,card
ord_100038,cust_1542,2026-01-24 22:25:54,pending,371.94,23.61,4.75,400.3,FR,NY,card
ord_100039,cust_1395,2026-01-31 17:05:20,refunded,216.86,18.29,3.41,238.56,FR,BE,apple_pay
ord_100040,cust_1315,2025-12-28 19:36:50,cancelled,153,10.93,6.49,170.42,US,LDN,card
ord_100041,cust_1097,2026-01-29 01:20:57,refunded,164.49,7.89,5.34,177.72,FR,CA,paypal
ord_100042,cust_1185,2026-01-18 07:58:10,cancelled,251.19,25.89,3.65,280.73,CA,MH,apple_pay
ord_100043,cust_1374,2026-01-20 18:54:32,pending,233.59,12.64,0.68,246.91,FR,TX,bank_transfer
ord_100044,cust_1315,2026-01-20 12:59:58,pending,265.25,21.52,10.91,297.68,CA,NY,card
ord_100045,cust_1037,2025-12-27 02:43:09,refunded,207.96,23.08,13.31,244.35,US,CA,bank_transfer
ord_100046,cust_1487,2026-01-10 02:51:06,cancelled,279.63,11.32,9.99,300.94,GB,ON,apple_pay
ord_100047,cust_1080,2026-01-28 13:06:47,paid,130.45,15.21,0.15,145.81,CA,CA,card
ord_100048,cust_1100,2026-01-09 18:59:46,pending,15.21,1.32,3,19.53,DE,KA,bank_transfer
ord_100049,cust_1218,2026-01-11 09:44:24,pending,389.41,32.32,2.31,424.04,DE,MH,bank_transfer
ord_100050,cust_1438,2026-01-01 01:33:08,cancelled,303.98,35.86,9.96,349.8,US,TX,paypal
ord_100051,cust_1425,2026-01-07 10:11:39,paid,140.15,9.4,5.75,155.3,GB,ON,bank_transfer
ord_100052,cust_1350,2026-01-25 23:30:12,cancelled,477.53,43.06,5.31,525.9,FR,WA,apple_pay
ord_100053,cust_1032,2026-01-01 10:56:27,pending,366.32,24.08,14.76,405.16,GB,NY,apple_pay
ord_100054,cust_1031,2026-02-03 09:17:21,paid,134.41,15.96,5.68,156.05,DE,LDN,paypal
ord_100055,cust_1207,2026-01-01 17:46:53,paid,114.24,7.49,16.46,138.19,GB,ON,bank_transfer
ord_100056,cust_1299,2026-01-20 22:00:55,cancelled,363.73,23.22,14.18,401.13,DE,MH,card
ord_100057,cust_1518,2026-01-18 06:26:41,pending,246.3,21.06,9.23,276.59,IN,KA,bank_transfer
ord_100058,cust_1321,2026-01-26 02:55:30,cancelled,59.27,3.14,12.01,74.42,GB,MH,paypal
ord_100059,cust_1022,2025-12-29 21:13:06,cancelled,260.47,16.02,7.89,284.38,GB,LDN,card
ord_100060,cust_1392,2026-01-27 16:57:43,paid,272.5,20.83,9.86,303.19,CA,TX,paypal
ord_100061,cust_1337,2026-01-01 19:07:47,paid,25.78,3.01,15.85,44.64,GB,WA,card
ord_100062,cust_1137,2026-02-06 02:56:26,paid,239.58,20.08,7.81,267.47,IN,BE,card
ord_100063,cust_1241,2025-12-28 13:18:37,paid,118.17,10.04,4.3,132.51,GB,NY,bank_transfer
ord_100064,cust_1403,2026-01-11 21:38:20,paid,138.67,8.49,12.86,160.02,DE,BE,paypal
ord_100065,cust_1331,2026-01-14 18:39:11,cancelled,431.97,19.06,1.11,452.14,GB,TX,bank_transfer
ord_100066,cust_1450,2026-01-13 04:45:24,pending,329.26,37.81,2.08,369.15,CA,MH,bank_transfer
ord_100067,cust_1335,2026-01-14 21:28:25,refunded,223.52,15.57,9.7,248.79,DE,CA,apple_pay
ord_100068,cust_1412,2026-02-04 20:15:49,refunded,456.06,36.5,14.4,506.96,CA,BE,apple_pay
ord_100069,cust_1302,2026-01-26 09:24:15,cancelled,93.88,5.78,11.48,111.14,GB,KA,bank_transfer
ord_100070,cust_1110,2026-01-05 11:13:43,refunded,157.4,13.41,4.12,174.93,US,BE,paypal
ord_100071,cust_1500,2026-01-28 06:56:14,pending,489.59,45.73,2.26,537.58,IN,WA,paypal
ord_100072,cust_1438,2026-01-25 15:52:14,cancelled,129.19,15.02,5.04,149.25,DE,BE,paypal
ord_100073,cust_1359,2025-12-28 17:49:00,pending,350.19,24.06,4.58,378.83,GB,KA,bank_transfer
ord_100074,cust_1480,2026-01-21 10:28:11,pending,479.91,45.97,3.13,529.01,FR,LDN,paypal
ord_100075,cust_1537,2026-01-19 22:52:14,cancelled,451.5,20.55,8.24,480.29,DE,TX,apple_pay
ord_100076,cust_1487,2026-01-12 16:07:07,cancelled,61.51,3.43,13.98,78.92,US,MH,bank_transfer
ord_100077,cust_1182,2026-01-15 12:50:00,refunded,192.1,20.33,2.42,214.85,CA,KA,paypal
ord_100078,cust_1390,2026-01-08 04:00:15,refunded,402.35,34.88,9.96,447.19,DE,LDN,bank_transfer
ord_100079,cust_1364,2025-12-29 08:53:03,pending,199.79,19.39,3.49,222.67,DE,MH,card
ord_100080,cust_1086,2026-02-04 00:49:06,paid,230.5,23.59,15.24,269.33,CA,TX,paypal
ord_100081,cust_1009,2026-01-21 07:12:04,cancelled,100.79,9.32,4.27,114.38,IN,NY,apple_pay
ord_100082,cust_1068,2025-12-29 08:59:31,cancelled,399.49,31.88,12.62,443.99,IN,TX,apple_pay
ord_100083,cust_1413,2025-12-30 08:34:04,paid,52.75,2.4,6.35,61.5,US,TX,paypal
ord_100084,cust_1013,2026-01-27 01:37:40,refunded,351.73,15.28,11.58,378.59,CA,MH,paypal
ord_100085,cust_1326,2026-02-05 13:13:26,cancelled,159.28,10.99,12.72,182.99,IN,WA,paypal
ord_100086,cust_1045,2026-02-01 04:00:35,pending,436.54,19.65,15.68,471.87,FR,KA,apple_pay
ord_100087,cust_1233,2026-02-04 02:28:16,cancelled,332.77,25.1,14.55,372.42,DE,MH,card
ord_100088,cust_1281,2026-01-13 17:44:37,paid,91.87,5.49,12.8,110.16,US,WA,card
ord_100089,cust_1106,2026-01-19 04:30:03,cancelled,280.8,15.2,11.88,307.88,FR,KA,bank_transfer
ord_100090,cust_1505,2025-12-31 03:11:04,cancelled,280.51,17.03,15.36,312.9,FR,MH,card
ord_100091,cust_1481,2026-01-01 22:45:01,cancelled,230.91,24.38,13.33,268.62,US,BE,card
ord_100092,cust_1481,2026-01-22 12:02:01,refunded,158.47,9.67,2.97,171.11,US,KA,card
ord_100093,cust_1474,2025-12-28 19:42:33,refunded,394.14,40.49,2.61,437.24,DE,NY,apple_pay
ord_100094,cust_1212,2026-01-05 20:39:42,cancelled,313.3,15.86,5.26,334.42,US,NY,card
ord_100095,cust_1230,2026-01-25 18:54:11,paid,405.97,48.22,13.66,467.85,IN,ON,paypal
ord_100096,cust_1500,2026-02-04 11:42:35,paid,261.92,22.4,13.56,297.88,DE,TX,paypal
ord_100097,cust_1519,2026-01-02 19:30:57,paid,147.57,13.12,17.59,178.28,GB,NY,bank_transfer
ord_100098,cust_1362,2025-12-24 05:12:00,pending,465.63,50.63,4.52,520.78,DE,NY,card
ord_100099,cust_1452,2026-02-01 21:04:53,refunded,155.57,9.05,3.17,167.79,DE,TX,paypal
ord_100100,cust_1012,2026-02-01 12:57:06,pending,134.97,12.37,3.38,150.72,DE,KA,apple_pay
ord_100101,cust_1381,2026-02-06 22:20:02,paid,338.9,31.24,10.01,380.15,CA,MH,bank_transfer
ord_100102,cust_1536,2026-01-08 22:58:48,pending,309.58,36.27,2.82,348.67,FR,LDN,apple_pay
ord_100103,cust_1529,2026-01-17 19:28:37,refunded,167.57,13.47,6.23,187.27,CA,WA,paypal
ord_100104,cust_1318,2026-01-02 17:46:42,paid,475.92,32.03,1.32,509.27,GB,LDN,paypal
ord_100105,cust_1243,2026-01-10 20:56:24,refunded,173.2,15.14,6.83,195.17,GB,CA,card
ord_100106,cust_1394,2026-02-04 10:35:51,pending,233.64,27.18,5.15,265.97,DE,CA,apple_pay
ord_100107,cust_1072,2026-01-22 15:43:49,cancelled,232.03,15.79,5.27,253.09,CA,CA,bank_transfer
ord_100108,cust_1410,2026-01-04 06:16:25,refunded,106.7,11.54,5.13,123.37,FR,MH,apple_pay
ord_100109,cust_1205,2026-01-10 03:50:53,cancelled,144.27,16.12,3.15,163.54,FR,NY,apple_pay
ord_100110,cust_1524,2026-01-06 12:33:47,refunded,413.17,31.91,9.21,454.29,FR,MH,card
ord_100111,cust_1178,2026-01-03 20:07:06,refunded,126.13,8.08,4.45,138.66,IN,WA,bank_transfer
ord_100112,cust_1130,2026-02-05 10:28:08,refunded,174.23,18.21,5.14,197.58,CA,TX,apple_pay
ord_100113,cust_1351,2026-01-09 17:18:47,paid,101.18,4.84,11.08,117.1,GB,LDN,apple_pay
ord_100114,cust_1342,2026-01-26 16:31:16,cancelled,432.35,38.94,15.29,486.58,IN,WA,bank_transfer
ord_100115,cust_1114,2025-12-31 15:42:10,refunded,79.99,6.96,17.11,104.06,FR,BE,apple_pay
ord_100116,cust_1444,2026-01-29 03:51:59,paid,277.1,32.6,1.99,311.69,DE,CA,paypal
ord_100117,cust_1456,2026-01-09 09:52:38,refunded,38.06,1.95,5.19,45.2,US,WA,apple_pay
ord_100118,cust_1363,2026-02-06 01:55:09,paid,74.03,6.18,7.32,87.53,FR,LDN,apple_pay
ord_100119,cust_1343,2026-01-04 17:25:40,refunded,267.3,18.22,6.2,291.72,FR,NY,card
ord_100120,cust_1508,2026-01-02 05:34:58,pending,81.78,6.63,5.7,94.11,US,ON,apple_pay
ord_100121,cust_1258,2026-01-16 17:39:34,cancelled,471.5,38.51,5.28,515.29,FR,BE,card
ord_100122,cust_1278,2026-01-17 14:07:34,paid,166.86,14.81,6.27,187.94,DE,LDN,apple_pay
ord_100123,cust_1477,2026-01-21 08:20:23,refunded,153.97,17.88,4.56,176.41,DE,ON,bank_transfer
ord_100124,cust_1231,2026-01-21 16:46:12,paid,496.6,53.35,15,564.95,GB,NY,apple_pay
ord_100125,cust_1481,2026-01-26 16:29:54,refunded,219.59,10.47,2.17,232.23,CA,ON,paypal
ord_100126,cust_1412,2026-01-11 20:04:54,cancelled,305,15.09,13.41,333.5,GB,LDN,apple_pay
ord_100127,cust_1475,2026-01-01 17:06:02,pending,10.59,0.68,17.46,28.73,IN,KA,apple_pay
ord_100128,cust_1061,2026-01-23 12:51:20,refunded,452.58,50.22,7.59,510.39,IN,LDN,card
ord_100129,cust_1296,2026-01-05 04:51:42,refunded,33.13,2.45,11.3,46.88,CA,LDN,apple_pay
ord_100130,cust_1054,2025-12-26 22:53:43,cancelled,88.66,10.37,0.06,99.09,DE,WA,paypal
ord_100131,cust_1097,2026-01-14 01:49:37,pending,370.11,35.98,8.17,414.26,FR,MH,paypal
ord_100132,cust_1115,2026-01-25 23:48:06,refunded,241.68,12.72,3.08,257.48,GB,BE,card
ord_100133,cust_1240,2026-01-24 15:53:30,paid,33.29,1.62,7.33,42.24,GB,WA,paypal
ord_100134,cust_1457,2026-01-20 17:30:33,cancelled,82.29,4.57,7.67,94.53,FR,KA,apple_pay
ord_100135,cust_1312,2026-02-01 11:44:16,pending,426.31,30.95,0.9,458.16,US,TX,apple_pay
ord_100136,cust_1525,2026-02-04 09:21:01,cancelled,191.41,21.44,15.62,228.47,DE,ON,apple_pay
ord_100137,cust_1549,2026-01-16 05:55:07,refunded,264.04,23.05,0.55,287.64,US,LDN,card
ord_100138,cust_1299,2026-01-12 10:00:24,refunded,248.52,24.2,16.21,288.93,CA,NY,paypal
ord_100139,cust_1508,2026-01-11 19:37:47,cancelled,21.35,1,9.28,31.63,GB,ON,apple_pay
ord_100140,cust_1338,2026-01-08 11:26:25,pending,91.17,6.08,17.49,114.74,IN,LDN,apple_pay
ord_100141,cust_1540,2026-01-05 07:47:11,pending,358.86,16.47,16.6,391.93,FR,WA,bank_transfer
ord_100142,cust_1495,2026-01-02 01:55:03,pending,385.92,42.95,13.84,442.71,IN,ON,bank_transfer
ord_100143,cust_1264,2026-02-01 23:57:59,pending,345.44,23.47,3.05,371.96,CA,TX,paypal
ord_100144,cust_1010,2026-02-01 00:05:17,refunded,441.01,48.57,14.95,504.53,IN,BE,card
ord_100145,cust_1373,2026-01-22 15:06:33,paid,267.66,17.95,1.4,287.01,US,MH,bank_transfer
ord_100146,cust_1037,2026-01-10 14:24:15,refunded,178.77,21.39,5.89,206.05,CA,KA,card
ord_100147,cust_1093,2025-12-27 17:00:33,refunded,491.2,23.89,1.82,516.91,FR,MH,apple_pay
ord_100148,cust_1544,2026-01-10 06:46:22,paid,346.62,35.45,3.89,385.96,FR,CA,bank_transfer
ord_100149,cust_1417,2026-01-01 07:22:22,refunded,413.26,34.48,7.55,455.29,IN,BE,apple_pay
ord_100150,cust_1155,2026-02-06 08:50:52,paid,218.49,20.38,11.41,250.28,GB,TX,card
ord_100151,cust_1081,2025-12-24 11:03:09,paid,341.54,39.61,14.8,395.95,DE,WA,card
ord_100152,cust_1482,2025-12-26 13:38:58,pending,400.8,35.61,14.44,450.85,FR,ON,card
ord_100153,cust_1043,2026-01-09 11:47:42,paid,35.09,4.07,15.39,54.55,GB,MH,bank_transfer
ord_100154,cust_1424,2025-12-24 11:24:39,paid,27.39,1.25,1.76,30.4,CA,WA,bank_transfer
ord_100155,cust_1461,2026-02-02 07:58:20,refunded,20.22,0.89,3.42,24.53,CA,NY,apple_pay
ord_100156,cust_1306,2026-01-09 20:03:54,pending,80.81,6.7,4.3,91.81,CA,WA,apple_pay
ord_100157,cust_1310,2026-01-25 23:54:07,refunded,292.2,22.34,17.47,332.01,CA,NY,apple_pay
ord_100158,cust_1086,2026-01-21 04:13:29,refunded,358.52,41.01,8.6,408.13,DE,BE,card
ord_100159,cust_1136,2026-02-02 19:50:59,cancelled,481.12,51.28,8.01,540.41,DE,BE,apple_pay
ord_100160,cust_1172,2026-01-14 02:52:46,refunded,291.78,28.34,16.85,336.97,DE,MH,paypal
ord_100161,cust_1096,2026-01-15 03:39:05,cancelled,133.66,9.38,7.76,150.8,CA,CA,bank_transfer
ord_100162,cust_1105,2026-01-12 13:55:34,pending,328.8,30.59,1.52,360.91,CA,ON,card
ord_100163,cust_1284,2026-01-23 11:17:21,paid,385.43,35.59,5.57,426.59,CA,ON,paypal
ord_100164,cust_1362,2026-01-15 19:03:24,paid,10.12,1.21,14,25.33,CA,WA,bank_transfer
ord_100165,cust_1047,2025-12-27 21:45:14,pending,70.64,5.35,8.31,84.3,DE,BE,apple_pay
ord_100166,cust_1092,2026-02-05 06:54:27,paid,133.48,9.49,13.23,156.2,FR,TX,apple_pay
ord_100167,cust_1209,2026-01-29 16:03:41,cancelled,116.25,6.4,0.17,122.82,CA,WA,apple_pay
ord_100168,cust_1094,2026-01-09 09:50:19,cancelled,365.16,28.83,4.21,398.2,GB,LDN,paypal
ord_100169,cust_1096,2026-01-23 13:58:07,pending,381.54,22.27,9.2,413.01,CA,LDN,bank_transfer
ord_100170,cust_1061,2025-12-28 15:44:30,refunded,454.64,38.12,13.35,506.11,CA,BE,bank_transfer
ord_100171,cust_1394,2026-01-21 05:31:41,cancelled,475.4,53.88,3.53,532.81,CA,WA,card
ord_100172,cust_1219,2026-02-04 06:15:01,paid,280.38,17.08,9.53,306.99,US,NY,apple_pay
ord_100173,cust_1408,2026-01-20 23:05:01,cancelled,254.35,24.53,15.26,294.14,DE,CA,card
ord_100174,cust_1012,2026-02-06 06:15:47,cancelled,141.72,16.66,15.06,173.44,FR,MH,bank_transfer
ord_100175,cust_1132,2026-01-29 18:11:24,paid,450.49,52.36,11.57,514.42,US,NY,card
ord_100176,cust_1129,2026-01-08 08:25:34,paid,89.98,10.68,0.66,101.32,CA,NY,paypal
ord_100177,cust_1328,2026-01-27 02:34:52,paid,376.77,39.2,15.94,431.91,US,MH,apple_pay
ord_100178,cust_1213,2026-02-04 20:52:09,refunded,104.41,6.29,17.45,128.15,IN,LDN,apple_pay
ord_100179,cust_1041,2026-02-04 18:03:12,refunded,175.53,14.26,5.42,195.21,GB,CA,apple_pay
ord_100180,cust_1491,2026-01-04 11:23:22,pending,218.51,23.11,14.26,255.88,IN,TX,paypal
ord_100181,cust_1442,2026-01-02 08:53:46,pending,208.9,9.86,13.4,232.16,US,BE,apple_pay
ord_100182,cust_1128,2026-01-11 11:45:48,paid,116.71,13.57,7.41,137.69,CA,WA,bank_transfer
ord_100183,cust_1300,2026-01-23 22:28:04,pending,328.66,18.53,8.29,355.48,IN,MH,apple_pay
ord_100184,cust_1429,2026-01-29 19:07:58,paid,67.21,6.08,3.11,76.4,IN,BE,card
ord_100185,cust_1479,2026-01-05 12:15:12,paid,19.21,1.76,0.69,21.66,FR,LDN,apple_pay
ord_100186,cust_1027,2025-12-30 03:13:45,cancelled,109.76,5.42,6.58,121.76,DE,WA,apple_pay
ord_100187,cust_1146,2026-01-03 16:04:56,refunded,202.37,18.63,13.14,234.14,DE,BE,apple_pay
ord_100188,cust_1057,2026-01-12 02:40:32,refunded,262.95,12.58,10.58,286.11,US,LDN,apple_pay
ord_100189,cust_1014,2026-01-03 20:57:28,pending,483.58,38.96,16.95,539.49,IN,TX,paypal
ord_100190,cust_1138,2026-01-25 04:13:15,cancelled,288.34,21.2,6.76,316.3,GB,TX,paypal
ord_100191,cust_1221,2025-12-25 02:25:24,paid,246.31,23.26,1.79,271.36,DE,WA,card
ord_100192,cust_1185,2026-01-09 21:10:33,refunded,275.7,12.95,10.35,299,US,CA,paypal
ord_100193,cust_1406,2025-12-26 10:08:30,cancelled,22.24,2.14,8.17,32.55,IN,WA,card
ord_100194,cust_1268,2026-01-01 15:51:48,pending,98.43,7.93,8.52,114.88,CA,KA,card
ord_100195,cust_1009,2026-01-08 01:13:12,cancelled,292.24,15.03,3.81,311.08,FR,CA,paypal
ord_100196,cust_1471,2026-02-02 09:03:30,refunded,361.71,26.37,13.67,401.75,GB,KA,bank_transfer
ord_100197,cust_1032,2025-12-24 11:37:42,cancelled,127.28,15.03,8.86,151.17,GB,CA,apple_pay
ord_100198,cust_1064,2025-12-28 18:19:31,refunded,15.03,0.94,14.66,30.63,IN,NY,apple_pay
ord_100199,cust_1171,2026-02-01 13:36:50,cancelled,356.12,25.19,5.29,386.6,DE,BE,apple_pay
ord_100200,cust_1250,2026-01-14 23:24:12,refunded,41.16,4.09,15.73,60.98,FR,CA,apple_pay
ord_100201,cust_1090,2026-01-25 15:17:43,pending,322.37,23.84,0.2,346.41,GB,MH,paypal
ord_100202,cust_1434,2025-12-30 12:08:40,cancelled,110.57,12.05,15.58,138.2,FR,NY,paypal
ord_100203,cust_1453,2026-01-17 17:18:00,pending,346.22,24.95,1.21,372.38,IN,TX,apple_pay
ord_100204,cust_1233,2026-01-12 15:57:01,pending,277.51,23.17,14.89,315.57,IN,NY,bank_transfer
ord_100205,cust_1128,2026-01-27 21:51:36,pending,348.68,26.67,5.08,380.43,US,KA,card
ord_100206,cust_1359,2026-01-30 05:23:11,paid,395.56,19.67,7.26,422.49,US,ON,apple_pay
ord_100207,cust_1313,2026-01-10 23:15:00,paid,218.07,16.86,1.17,236.1,FR,BE,paypal
ord_100208,cust_1393,2026-01-09 11:49:35,refunded,82.11,7.72,0.8,90.63,IN,BE,bank_transfer
ord_100209,cust_1112,2026-01-17 01:31:33,paid,162.85,15.89,14.41,193.15,DE,MH,bank_transfer
ord_100210,cust_1029,2026-01-06 04:43:09,cancelled,221.95,24.31,16.07,262.33,CA,LDN,card
ord_100211,cust_1166,2026-02-05 16:23:21,paid,260.5,11.14,1.05,272.69,CA,BE,apple_pay
ord_100212,cust_1106,2025-12-28 04:21:47,cancelled,444.56,37.72,6.17,488.45,FR,KA,bank_transfer
ord_100213,cust_1136,2026-01-05 19:10:48,cancelled,89.57,10.55,15.48,115.6,CA,BE,card
ord_100214,cust_1384,2026-01-11 15:31:44,pending,54.63,2.57,4.29,61.49,FR,KA,apple_pay
ord_100215,cust_1494,2026-01-28 05:54:34,refunded,19.81,1.01,15.3,36.12,IN,LDN,paypal
ord_100216,cust_1363,2026-01-13 16:57:25,cancelled,80.82,4.29,13.41,98.52,CA,NY,paypal
ord_100217,cust_1469,2025-12-25 18:02:09,cancelled,448.04,19.37,9.69,477.1,DE,NY,paypal
ord_100218,cust_1008,2026-02-05 03:17:43,paid,358.72,16.12,8.34,383.18,US,MH,apple_pay
ord_100219,cust_1454,2026-01-05 02:53:37,pending,47.42,2.27,14.32,64.01,CA,NY,bank_transfer
ord_100220,cust_1062,2026-01-09 09:21:33,paid,202.09,12.89,11.97,226.95,IN,KA,paypal
ord_100221,cust_1259,2026-01-08 23:48:11,paid,344.09,39.83,0.63,384.55,FR,ON,card
ord_100222,cust_1192,2026-01-25 22:14:34,cancelled,132.58,10.22,13.48,156.28,GB,WA,bank_transfer
ord_100223,cust_1175,2026-02-06 10:24:11,refunded,152.91,10.69,10.85,174.45,GB,MH,bank_transfer
ord_100224,cust_1253,2026-02-06 08:14:24,cancelled,187.53,18.6,1.78,207.91,CA,ON,card
ord_100225,cust_1399,2025-12-26 21:21:11,pending,498.63,58,3.73,560.36,US,WA,apple_pay
ord_100226,cust_1380,2026-01-03 00:48:01,cancelled,124.09,9.89,9.47,143.45,US,ON,paypal
ord_100227,cust_1323,2026-01-27 18:53:26,pending,483.35,40.96,11.57,535.88,US,CA,paypal
ord_100228,cust_1541,2026-01-17 14:05:45,pending,58.38,5.59,5.51,69.48,GB,BE,apple_pay
ord_100229,cust_1099,2025-12-26 09:58:37,refunded,45.27,3.23,3.15,51.65,IN,MH,apple_pay
ord_100230,cust_1230,2026-02-02 07:43:52,cancelled,80.26,4.07,11.66,95.99,CA,BE,bank_transfer
ord_100231,cust_1421,2026-02-06 18:39:54,pending,60.89,5.35,7.81,74.05,US,BE,bank_transfer
ord_100232,cust_1154,2026-01-03 16:59:28,paid,489.52,57.98,11.37,558.87,CA,CA,card
ord_100233,cust_1357,2026-01-05 14:11:09,pending,442.24,52.92,11.42,506.58,US,CA,paypal
ord_100234,cust_1437,2026-01-19 08:02:08,pending,111.18,10.83,12.12,134.13,IN,CA,apple_pay
ord_100235,cust_1465,2026-01-15 21:15:43,cancelled,17.1,0.94,15.02,33.06,GB,WA,apple_pay
ord_100236,cust_1479,2026-01-03 02:03:39,pending,247.21,20.62,5.64,273.47,FR,BE,card
ord_100237,cust_1480,2026-01-17 05:09:44,paid,35.48,2.44,2.67,40.59,US,LDN,card
ord_100238,cust_1294,2026-01-21 15:21:08,pending,239.2,12.67,10.3,262.17,DE,LDN,bank_transfer
ord_100239,cust_1200,2025-12-28 12:38:52,cancelled,34.99,3.61,13.9,52.5,IN,MH,paypal
ord_100240,cust_1040,2026-01-25 11:54:58,cancelled,326.42,14.86,0.63,341.91,CA,LDN,bank_transfer
ord_100241,cust_1292,2026-01-30 18:38:47,pending,185.3,12.14,8.75,206.19,GB,TX,apple_pay
ord_100242,cust_1491,2026-01-02 05:24:57,refunded,219.34,9.12,2.51,230.97,GB,WA,card
ord_100243,cust_1256,2026-01-28 10:36:58,pending,458.37,50.7,2.45,511.52,FR,TX,paypal
ord_100244,cust_1241,2026-01-14 23:01:22,refunded,407.07,46.12,1.17,454.36,US,ON,card
ord_100245,cust_1403,2025-12-24 09:06:49,refunded,343.09,33.48,13.47,390.04,DE,CA,bank_transfer
ord_100246,cust_1325,2026-01-14 22:39:26,pending,362.57,39.38,13.57,415.52,GB,MH,card
ord_100247,cust_1288,2026-02-03 15:54:13,pending,107.81,5.01,16.55,129.37,CA,TX,apple_pay
ord_100248,cust_1460,2026-01-03 18:29:23,refunded,328.11,25.78,14.41,368.3,FR,LDN,apple_pay
ord_100249,cust_1140,2026-01-12 18:26:25,pending,109.07,10.09,7.8,126.96,IN,MH,card
ord_100250,cust_1114,2026-01-21 19:50:44,pending,361.86,19.83,15.9,397.59,DE,TX,card
ord_100251,cust_1477,2026-01-28 09:13:31,cancelled,442.7,48.44,8.93,500.07,DE,BE,bank_transfer
ord_100252,cust_1401,2026-02-02 01:18:12,pending,234.18,9.93,5.85,249.96,IN,KA,paypal
ord_100253,cust_1188,2026-01-27 03:13:10,pending,289.94,25.64,10.17,325.75,FR,ON,card
ord_100254,cust_1034,2026-01-11 01:50:26,pending,220.38,24.3,5.6,250.28,CA,WA,bank_transfer
ord_100255,cust_1544,2026-01-20 03:56:50,refunded,305.15,34.18,8.89,348.22,CA,BE,card
ord_100256,cust_1313,2026-02-02 02:04:08,refunded,492.54,21.35,15.22,529.11,IN,KA,card
ord_100257,cust_1110,2026-02-03 20:46:01,paid,380.41,33.56,3.97,417.94,IN,TX,card
ord_100258,cust_1129,2026-01-09 10:15:15,pending,369.43,43.18,9.43,422.04,US,NY,apple_pay
ord_100259,cust_1445,2026-01-26 21:21:24,pending,319.2,23.69,8.79,351.68,IN,NY,card
ord_100260,cust_1079,2026-01-01 14:07:58,paid,320.05,28.26,16.58,364.89,GB,NY,apple_pay
ord_100261,cust_1230,2025-12-31 11:16:40,cancelled,11.94,0.56,4.69,17.19,FR,CA,bank_transfer
ord_100262,cust_1425,2026-01-08 17:11:56,cancelled,160.34,15.83,17.23,193.4,GB,MH,bank_transfer
ord_100263,cust_1290,2026-01-01 10:29:45,refunded,118.56,12.94,15.27,146.77,GB,NY,card
ord_100264,cust_1199,2025-12-29 15:22:22,refunded,355.75,29.98,9.59,395.32,CA,CA,card
ord_100265,cust_1314,2026-01-10 11:13:36,refunded,322.81,33.13,6.53,362.47,US,NY,paypal
ord_100266,cust_1542,2026-01-27 19:24:26,pending,238.53,9.64,17.36,265.53,GB,WA,apple_pay
ord_100267,cust_1111,2026-01-27 21:45:13,refunded,208.58,23.42,7.32,239.32,GB,ON,card
ord_100268,cust_1548,2026-02-05 03:59:13,paid,131.23,8.14,13.63,153,CA,TX,card
ord_100269,cust_1312,2026-01-28 02:30:28,pending,236.52,19.05,11.16,266.73,US,KA,paypal
ord_100270,cust_1247,2026-01-12 23:35:53,paid,224.96,11.86,4.61,241.43,CA,ON,apple_pay
ord_100271,cust_1536,2026-01-31 17:39:30,paid,90.49,4.06,4.68,99.23,DE,LDN,paypal
ord_100272,cust_1449,2025-12-29 07:10:34,pending,346.23,34.23,2.3,382.76,IN,MH,bank_transfer
ord_100273,cust_1409,2025-12-25 13:28:16,paid,191.72,14.93,10.37,217.02,FR,CA,paypal
ord_100274,cust_1236,2026-01-29 00:20:33,paid,42.65,3.2,14.42,60.27,CA,BE,apple_pay
ord_100275,cust_1002,2025-12-26 22:35:04,pending,24.87,1.96,4.11,30.94,DE,TX,paypal
ord_100276,cust_1329,2026-01-27 12:38:41,pending,196.63,9.99,2.02,208.64,FR,BE,paypal
ord_100277,cust_1024,2025-12-27 20:50:21,cancelled,398.88,37.35,14.41,450.64,FR,NY,card
ord_100278,cust_1333,2026-01-22 05:29:25,refunded,113.71,11.35,11.41,136.47,CA,CA,bank_transfer
ord_100279,cust_1428,2026-02-02 03:20:13,paid,267.38,15.58,1.18,284.14,US,TX,card
ord_100280,cust_1085,2026-01-21 10:56:00,refunded,259.46,29.41,8.1,296.97,FR,KA,apple_pay
ord_100281,cust_1261,2026-01-17 06:12:41,refunded,484.32,32.27,4.03,520.62,IN,TX,card
ord_100282,cust_1354,2026-01-13 16:16:26,refunded,281.03,29.34,8.01,318.38,US,KA,card
ord_100283,cust_1450,2025-12-27 17:24:02,cancelled,396.37,17.84,15.49,429.7,FR,NY,bank_transfer
ord_100284,cust_1146,2026-01-05 01:45:23,pending,243.82,27.96,16.22,288,US,KA,apple_pay
ord_100285,cust_1469,2025-12-24 09:58:08,pending,224.31,18.67,14.76,257.74,US,WA,paypal
ord_100286,cust_1302,2026-01-28 14:31:50,cancelled,114.94,5.78,11.78,132.5,US,LDN,paypal
ord_100287,cust_1424,2026-02-05 17:53:38,paid,196.48,9.64,12.55,218.67,FR,BE,apple_pay
ord_100288,cust_1155,2026-01-17 18:58:20,cancelled,92.05,9.07,11.03,112.15,DE,MH,paypal
ord_100289,cust_1074,2025-12-27 14:42:21,refunded,277.31,13.9,2.91,294.12,FR,TX,card
ord_100290,cust_1536,2026-01-10 08:55:47,cancelled,242.78,20.01,16.58,279.37,CA,CA,apple_pay
ord_100291,cust_1394,2026-02-05 09:14:58,cancelled,81.63,5.86,0.67,88.16,GB,CA,card
ord_100292,cust_1356,2026-02-01 18:02:52,paid,478.26,28.53,11.44,518.23,IN,CA,paypal
ord_100293,cust_1242,2026-01-05 11:58:14,pending,274.84,22.79,7.11,304.74,GB,KA,paypal
ord_100294,cust_1549,2026-02-02 00:21:57,paid,219.52,16.5,9.29,245.31,US,NY,bank_transfer
ord_100295,cust_1271,2026-01-30 05:00:03,refunded,207.24,20.51,6.42,234.17,FR,BE,apple_pay
ord_100296,cust_1088,2026-01-28 20:58:26,pending,339.82,40.63,3.19,383.64,GB,MH,bank_transfer
ord_100297,cust_1495,2026-01-29 02:31:04,cancelled,21.98,0.93,6.25,29.16,DE,TX,card
ord_100298,cust_1135,2026-01-15 06:13:18,cancelled,50.47,2.08,14.29,66.84,DE,CA,card
ord_100299,cust_1378,2026-01-16 15:16:41,paid,374.74,39.66,2.02,416.42,US,ON,bank_transfer
ord_100300,cust_1014,2026-01-30 19:04:54,pending,252.84,12.36,6.99,272.19,FR,LDN,paypal
ord_100301,cust_1047,2026-02-06 06:50:27,cancelled,97.8,8.31,5.72,111.83,FR,KA,bank_transfer
ord_100302,cust_1273,2026-01-14 07:43:01,paid,142.46,6.54,15.23,164.23,GB,BE,card
ord_100303,cust_1062,2026-01-03 12:31:45,pending,332.19,33.69,7.51,373.39,IN,LDN,card
ord_100304,cust_1336,2025-12-24 02:55:52,refunded,207.12,14.34,12.03,233.49,CA,NY,apple_pay
ord_100305,cust_1429,2025-12-31 05:54:31,refunded,319.59,37.92,4.25,361.76,DE,TX,bank_transfer
ord_100306,cust_1188,2026-02-03 09:04:29,cancelled,377.36,38.6,11.43,427.39,FR,TX,paypal
ord_100307,cust_1122,2025-12-31 08:05:41,paid,184.53,12.39,9.37,206.29,US,TX,paypal
ord_100308,cust_1215,2026-01-28 03:11:50,paid,25.26,2.86,12.6,40.72,DE,BE,apple_pay
ord_100309,cust_1128,2026-01-23 08:44:34,pending,486.46,21.52,17.37,525.35,CA,WA,apple_pay
ord_100310,cust_1408,2026-01-07 02:20:11,cancelled,122.99,13.5,3.54,140.03,FR,LDN,apple_pay
ord_100311,cust_1509,2025-12-24 10:27:38,cancelled,265.64,19.22,0.4,285.26,DE,BE,card
ord_100312,cust_1353,2025-12-26 04:05:58,refunded,310.2,34.03,5.99,350.22,CA,KA,apple_pay
ord_100313,cust_1284,2026-01-15 22:05:41,paid,244.65,15.37,12.57,272.59,IN,TX,bank_transfer
ord_100314,cust_1388,2025-12-30 18:30:57,paid,105.25,7.81,14.3,127.36,US,BE,bank_transfer
ord_100315,cust_1191,2026-01-10 01:29:46,cancelled,499.61,20.94,17.53,538.08,US,NY,bank_transfer
ord_100316,cust_1312,2025-12-25 17:45:01,paid,308.25,19.75,16.02,344.02,IN,ON,card
ord_100317,cust_1051,2026-01-16 07:40:28,cancelled,431.66,20.61,7.99,460.26,GB,NY,apple_pay
ord_100318,cust_1235,2026-01-12 17:05:32,paid,42.63,4.48,7.11,54.22,GB,NY,bank_transfer
ord_100319,cust_1254,2026-02-03 23:31:00,cancelled,474.04,37.02,7.08,518.14,IN,MH,bank_transfer
ord_100320,cust_1025,2026-01-11 11:12:13,pending,139.59,6.73,2.79,149.11,US,BE,bank_transfer
ord_100321,cust_1056,2026-01-25 15:40:17,refunded,44.67,1.98,0.23,46.88,GB,CA,bank_transfer
ord_100322,cust_1049,2025-12-24 09:59:05,paid,72.46,6.33,8.59,87.38,DE,LDN,apple_pay
ord_100323,cust_1138,2026-01-30 13:16:10,paid,89.76,9.31,11.38,110.45,US,NY,apple_pay
ord_100324,cust_1521,2026-01-13 19:49:54,refunded,93.95,4.18,16.1,114.23,IN,BE,card
ord_100325,cust_1179,2026-01-17 22:38:04,cancelled,118.66,7.4,9.78,135.84,DE,KA,bank_transfer
ord_100326,cust_1510,2026-01-15 03:00:30,pending,232.97,11.71,5.98,250.66,US,MH,apple_pay
ord_100327,cust_1062,2026-01-14 04:12:53,refunded,254.35,17.12,3.51,274.98,US,LDN,paypal
ord_100328,cust_1283,2026-01-01 13:51:39,pending,37.93,2.3,4.6,44.83,GB,CA,card
ord_100329,cust_1409,2026-01-15 23:08:11,refunded,457.76,44.72,13.04,515.52,IN,NY,card
ord_100330,cust_1063,2026-01-16 22:26:04,pending,48.92,5.38,3.86,58.16,US,LDN,card
ord_100331,cust_1466,2026-02-04 13:38:26,cancelled,88.65,6.41,3.4,98.46,DE,NY,bank_transfer
ord_100332,cust_1482,2026-01-18 23:53:00,cancelled,316.53,23.28,16.6,356.41,DE,MH,card
ord_100333,cust_1071,2026-02-04 02:26:58,pending,454.91,26.09,6.14,487.14,US,WA,apple_pay
ord_100334,cust_1011,2026-01-27 03:48:31,paid,498.89,50.67,12.79,562.35,DE,ON,paypal
ord_100335,cust_1542,2025-12-26 14:15:43,cancelled,39.04,2.11,9.48,50.63,CA,TX,paypal
ord_100336,cust_1282,2026-01-12 11:50:08,pending,371.77,35.68,10.35,417.8,GB,NY,bank_transfer
ord_100337,cust_1197,2026-01-14 21:27:52,refunded,397.19,38.53,8.93,444.65,DE,MH,paypal
ord_100338,cust_1128,2025-12-28 03:54:21,cancelled,258.02,29.98,5.44,293.44,DE,WA,apple_pay
ord_100339,cust_1439,2026-01-09 19:14:00,refunded,343.79,38.28,0.52,382.59,CA,BE,card
ord_100340,cust_1079,2026-01-01 02:09:54,paid,410.03,49.11,11.74,470.88,FR,TX,bank_transfer
ord_100341,cust_1226,2026-01-06 07:14:34,refunded,308.87,14.17,0.12,323.16,GB,KA,apple_pay
ord_100342,cust_1089,2025-12-25 00:58:03,pending,63.74,4.61,15.04,83.39,FR,CA,apple_pay
ord_100343,cust_1057,2026-01-03 17:26:59,cancelled,215.87,17.81,3.14,236.82,CA,BE,apple_pay
ord_100344,cust_1073,2026-01-18 08:48:22,cancelled,415.53,29.67,2.29,447.49,CA,KA,paypal
ord_100345,cust_1464,2026-01-24 19:32:19,cancelled,187.69,22.44,2.04,212.17,DE,BE,apple_pay
ord_100346,cust_1223,2026-01-14 20:14:02,paid,63.78,6.11,2.35,72.24,IN,ON,apple_pay
ord_100347,cust_1247,2025-12-24 08:53:03,cancelled,214.53,18.79,13.5,246.82,DE,TX,card
ord_100348,cust_1439,2026-01-18 10:05:34,paid,365.4,43.44,3.27,412.11,DE,CA,apple_pay
ord_100349,cust_1325,2026-01-27 11:07:13,paid,52.96,4.92,17.12,75,US,TX,card
ord_100350,cust_1400,2026-02-05 04:07:13,paid,356.34,37.17,1.02,394.53,US,CA,card
ord_100351,cust_1364,2026-02-01 13:12:44,pending,225.47,18.5,2.2,246.17,IN,ON,paypal
ord_100352,cust_1339,2026-01-14 10:21:38,pending,167.6,7.92,0.63,176.15,FR,CA,card
ord_100353,cust_1508,2026-01-08 09:28:20,refunded,451.7,28.19,2.06,481.95,FR,NY,apple_pay
ord_100354,cust_1351,2026-01-18 06:29:19,pending,176.52,19.39,8.98,204.89,GB,BE,card
ord_100355,cust_1123,2026-02-01 15:20:40,cancelled,41.63,4.52,6.53,52.68,CA,NY,bank_transfer
ord_100356,cust_1324,2026-01-13 22:59:15,cancelled,392.32,38.66,3.47,434.45,FR,TX,card
ord_100357,cust_1545,2026-01-08 07:16:16,cancelled,149.07,10.84,15.43,175.34,GB,NY,apple_pay
ord_100358,cust_1292,2025-12-25 16:43:33,cancelled,413.79,18.07,5,436.86,CA,KA,paypal
ord_100359,cust_1463,2026-01-21 02:36:40,cancelled,344.78,34.4,0.17,379.35,FR,CA,apple_pay
ord_100360,cust_1376,2026-02-02 15:44:34,paid,283.84,26.78,9.99,320.61,CA,CA,apple_pay
ord_100361,cust_1294,2026-01-30 05:25:15,pending,399.55,28.75,4.01,432.31,CA,CA,card
ord_100362,cust_1263,2026-01-04 23:31:19,paid,412.34,29.9,9.96,452.2,IN,TX,card
ord_100363,cust_1315,2025-12-31 11:17:47,cancelled,499.84,31.33,13.77,544.94,GB,KA,bank_transfer
ord_100364,cust_1014,2026-02-05 10:21:46,pending,417.82,30.25,0.6,448.67,FR,BE,card
ord_100365,cust_1434,2026-01-08 14:51:34,paid,127.04,13.72,13.04,153.8,CA,NY,paypal
ord_100366,cust_1161,2026-01-12 15:48:50,cancelled,449.28,21.4,12.72,483.4,US,TX,bank_transfer
ord_100367,cust_1203,2026-02-02 19:30:42,paid,69.89,8.07,16.78,94.74,CA,NY,bank_transfer
ord_100368,cust_1355,2026-01-25 03:57:18,paid,388.76,15.97,15.16,419.89,DE,CA,apple_pay
ord_100369,cust_1149,2026-01-20 03:05:50,paid,251.88,29.33,1.16,282.37,FR,KA,bank_transfer
ord_100370,cust_1268,2025-12-28 19:30:40,cancelled,253.24,17.29,4.46,274.99,IN,WA,apple_pay
ord_100371,cust_1454,2026-02-06 22:08:07,refunded,417.11,32.74,8.12,457.97,GB,WA,apple_pay
ord_100372,cust_1467,2026-01-09 23:53:43,cancelled,441.01,49.89,6.51,497.41,DE,MH,paypal
ord_100373,cust_1452,2026-01-22 05:40:03,pending,93.59,5.15,1.61,100.35,CA,LDN,bank_transfer
ord_100374,cust_1115,2025-12-26 14:38:46,refunded,192.97,17.23,15.22,225.42,FR,MH,apple_pay
ord_100375,cust_1417,2026-01-23 17:12:49,pending,23.4,1.52,17.7,42.62,DE,KA,bank_transfer
ord_100376,cust_1170,2026-01-04 19:38:15,paid,144.92,15.95,3.62,164.49,US,CA,card
ord_100377,cust_1526,2026-02-05 19:50:21,cancelled,337.68,38.04,2.47,378.19,US,LDN,card
ord_100378,cust_1180,2025-12-24 08:43:16,refunded,419.38,46.63,5.65,471.66,FR,NY,bank_transfer
ord_100379,cust_1078,2026-01-14 08:42:16,cancelled,254.08,15.6,13.28,282.96,DE,BE,bank_transfer
ord_100380,cust_1419,2026-02-02 08:54:23,paid,54.2,4.26,13.01,71.47,CA,NY,bank_transfer
ord_100381,cust_1501,2026-02-05 18:35:14,pending,52.29,4.95,15.3,72.54,DE,LDN,apple_pay
ord_100382,cust_1006,2026-01-21 22:03:15,pending,244.45,29.19,13.7,287.34,GB,TX,card
ord_100383,cust_1296,2025-12-24 14:15:42,pending,473.56,30.15,7.87,511.58,FR,NY,paypal
ord_100384,cust_1535,2026-01-18 20:10:30,refunded,278.14,22.32,2.13,302.59,GB,ON,apple_pay
ord_100385,cust_1468,2026-01-25 16:21:26,paid,198.84,19.71,4.61,223.16,CA,ON,apple_pay
ord_100386,cust_1127,2026-01-27 20:49:23,refunded,182.85,16.95,5.79,205.59,DE,BE,card
ord_100387,cust_1367,2026-02-03 03:25:02,refunded,358.27,22.07,6.79,387.13,FR,LDN,bank_transfer
ord_100388,cust_1120,2026-02-01 12:49:04,refunded,329.21,31.45,8.74,369.4,CA,CA,card
ord_100389,cust_1296,2026-01-21 21:36:42,refunded,257.18,20.29,3.41,280.88,IN,TX,apple_pay
ord_100390,cust_1499,2025-12-24 03:38:45,cancelled,185.41,12.63,4.72,202.76,GB,TX,bank_transfer
ord_100391,cust_1308,2026-01-26 00:38:08,refunded,302.87,33.85,15.91,352.63,CA,NY,bank_transfer
ord_100392,cust_1501,2026-01-20 01:33:25,cancelled,189.62,13.04,1.23,203.89,US,KA,paypal
ord_100393,cust_1346,2026-01-14 11:41:14,cancelled,205.13,18.33,2.92,226.38,DE,ON,card
ord_100394,cust_1522,2025-12-26 21:52:34,pending,430.63,30.42,15.88,476.93,CA,MH,card
ord_100395,cust_1505,2026-02-02 13:02:03,refunded,316.65,33.18,10.22,360.05,IN,BE,paypal
ord_100396,cust_1403,2026-01-25 23:16:32,paid,495.52,58.81,4.17,558.5,US,TX,paypal
ord_100397,cust_1531,2026-01-15 18:44:41,cancelled,234.02,24.98,13.36,272.36,CA,KA,paypal
ord_100398,cust_1028,2026-01-17 05:32:32,refunded,470.6,52.12,15.54,538.26,IN,BE,card
ord_100399,cust_1539,2026-01-20 21:37:43,cancelled,385.8,19.11,11.63,416.54,DE,MH,bank_transfer
ord_100400,cust_1067,2025-12-30 11:25:36,paid,152.99,6.77,7.42,167.18,IN,LDN,paypal
ord_100401,cust_1539,2025-12-31 23:07:47,paid,199.5,16.01,11.87,227.38,FR,CA,card
ord_100402,cust_1394,2026-01-21 23:04:45,cancelled,340.83,21.55,11.96,374.34,FR,NY,paypal
ord_100403,cust_1177,2025-12-26 22:48:19,refunded,322.05,33.74,3,358.79,GB,KA,apple_pay
ord_100404,cust_1302,2026-01-17 09:11:03,paid,250.4,13.88,4.84,269.12,US,MH,paypal
ord_100405,cust_1491,2025-12-29 16:08:03,paid,210.56,23.91,8.12,242.59,GB,ON,card
ord_100406,cust_1125,2026-01-03 22:32:33,pending,252.29,19.85,2.33,274.47,DE,BE,card
ord_100407,cust_1183,2026-01-14 18:04:15,paid,49.96,2.85,8.04,60.85,DE,BE,card
ord_100408,cust_1349,2025-12-29 00:54:43,paid,359.75,40.66,3.83,404.24,GB,ON,bank_transfer
ord_100409,cust_1021,2026-01-26 18:54:35,paid,165.64,14.07,16.41,196.12,US,KA,bank_transfer
ord_100410,cust_1532,2026-02-04 13:41:59,cancelled,482.46,36.89,8.54,527.89,CA,WA,card
ord_100411,cust_1053,2026-01-05 18:39:40,paid,466.01,32.77,0.26,499.04,IN,ON,apple_pay
ord_100412,cust_1326,2026-01-03 20:21:29,refunded,262.06,17.54,5.5,285.1,CA,ON,card
ord_100413,cust_1083,2026-01-06 01:55:47,refunded,282.66,19.21,7.49,309.36,GB,WA,apple_pay
ord_100414,cust_1088,2025-12-24 20:10:53,paid,101.91,5.16,14.79,121.86,CA,LDN,paypal
ord_100415,cust_1305,2026-01-02 13:37:09,cancelled,206.05,9.16,8.07,223.28,FR,TX,paypal
ord_100416,cust_1401,2026-01-26 17:50:05,paid,115.42,11.87,5.64,132.93,FR,LDN,bank_transfer
ord_100417,cust_1466,2026-01-05 04:49:03,pending,472.85,35.06,1.83,509.74,IN,ON,paypal
ord_100418,cust_1070,2025-12-29 01:25:01,cancelled,101.7,8.51,13.97,124.18,GB,TX,paypal
ord_100419,cust_1149,2026-01-03 17:08:26,cancelled,143.64,15.73,3.25,162.62,US,ON,bank_transfer
ord_100420,cust_1103,2026-02-06 02:58:16,refunded,84.33,6.54,14.13,105,GB,WA,card
ord_100421,cust_1271,2026-01-30 06:26:20,refunded,25.37,1.29,2.8,29.46,GB,WA,bank_transfer
ord_100422,cust_1143,2026-01-09 14:00:07,paid,214.1,11.34,12.9,238.34,DE,MH,bank_transfer
ord_100423,cust_1211,2026-01-26 23:14:09,refunded,168.79,10.78,12.9,192.47,US,WA,apple_pay
ord_100424,cust_1549,2025-12-30 06:51:11,paid,493.28,21.78,4.18,519.24,GB,BE,card
ord_100425,cust_1416,2026-01-04 17:45:36,cancelled,285.69,26.83,10.29,322.81,US,CA,card
ord_100426,cust_1323,2026-01-13 20:03:39,pending,202.44,16.5,2.51,221.45,GB,LDN,bank_transfer
ord_100427,cust_1165,2026-01-04 03:23:25,cancelled,318.99,23.84,5.1,347.93,GB,MH,bank_transfer
ord_100428,cust_1156,2026-01-24 23:56:25,pending,118.63,12.68,15.67,146.98,US,TX,card
ord_100429,cust_1311,2026-01-24 14:53:20,pending,310.62,27.11,5.44,343.17,FR,CA,bank_transfer
ord_100430,cust_1297,2026-01-11 08:39:48,paid,153.56,16.51,10.54,180.61,FR,NY,bank_transfer
ord_100431,cust_1087,2026-01-25 04:45:27,pending,65.4,3.49,14.61,83.5,GB,TX,apple_pay
ord_100432,cust_1290,2026-01-31 10:25:50,refunded,451.29,38.67,8.18,498.14,US,CA,apple_pay
ord_100433,cust_1431,2026-01-13 10:35:01,cancelled,111.29,4.68,10.84,126.81,CA,NY,bank_transfer
ord_100434,cust_1294,2026-01-01 10:06:32,pending,348.19,18.76,3.9,370.85,US,ON,apple_pay
ord_100435,cust_1031,2025-12-25 13:31:55,refunded,262.72,31.11,12.07,305.9,CA,WA,apple_pay
ord_100436,cust_1325,2026-01-26 21:40:15,cancelled,378.36,26.45,7.04,411.85,GB,LDN,card
ord_100437,cust_1532,2026-01-13 16:40:09,paid,240.28,28.32,12.96,281.56,US,WA,card
ord_100438,cust_1011,2025-12-25 21:20:46,pending,140.87,9.87,12.44,163.18,GB,NY,apple_pay
ord_100439,cust_1155,2025-12-29 21:11:36,pending,479.18,34.3,8.83,522.31,FR,KA,paypal
ord_100440,cust_1415,2026-01-14 20:02:07,pending,385.19,46.14,7.26,438.59,GB,LDN,bank_transfer
ord_100441,cust_1546,2026-02-05 06:37:53,paid,249.37,27.77,7.56,284.7,US,MH,bank_transfer
ord_100442,cust_1439,2026-02-01 04:14:18,paid,143.48,13.03,8.79,165.3,FR,LDN,apple_pay
ord_100443,cust_1340,2026-01-02 18:48:35,refunded,410.46,43.05,12.44,465.95,IN,CA,bank_transfer
ord_100444,cust_1359,2026-01-05 09:35:30,cancelled,62.72,2.57,11.55,76.84,CA,LDN,bank_transfer
ord_100445,cust_1294,2025-12-28 15:38:13,cancelled,322.64,37.81,15.44,375.89,IN,ON,card
ord_100446,cust_1068,2026-01-05 19:04:04,refunded,245.16,26.53,14.07,285.76,FR,KA,bank_transfer
ord_100447,cust_1512,2026-01-26 03:07:50,refunded,449.91,29.54,3.76,483.21,GB,LDN,paypal
ord_100448,cust_1434,2026-02-02 05:53:24,pending,458.51,41.81,5.54,505.86,DE,LDN,apple_pay
ord_100449,cust_1324,2025-12-29 15:19:52,cancelled,467.06,29.37,6.55,502.98,GB,TX,bank_transfer
ord_100450,cust_1231,2026-01-09 00:16:11,paid,94.27,9.5,15.96,119.73,IN,CA,apple_pay
ord_100451,cust_1382,2026-01-09 14:39:07,paid,178.44,8.17,3.21,189.82,DE,BE,bank_transfer
ord_100452,cust_1119,2025-12-28 18:09:58,cancelled,479.14,24.31,5.07,508.52,CA,NY,paypal
ord_100453,cust_1188,2026-01-23 01:54:13,pending,234.36,9.84,9.18,253.38,US,WA,apple_pay
ord_100454,cust_1471,2025-12-26 15:55:28,refunded,474.17,21.03,9.54,504.74,IN,WA,apple_pay
ord_100455,cust_1524,2026-01-21 18:51:46,cancelled,13.44,0.79,10.56,24.79,US,WA,card
ord_100456,cust_1315,2026-02-06 13:56:09,cancelled,304.67,20.1,7.73,332.5,FR,ON,card
ord_100457,cust_1068,2026-01-22 16:44:52,pending,122.35,6.93,6.61,135.89,IN,NY,card
ord_100458,cust_1060,2026-02-03 13:44:25,paid,156.46,9.52,4.65,170.63,CA,MH,apple_pay
ord_100459,cust_1296,2025-12-29 04:38:50,pending,484.02,20.17,9.43,513.62,US,MH,paypal
ord_100460,cust_1344,2026-01-16 16:58:31,cancelled,85.6,9.02,0.72,95.34,FR,TX,bank_transfer
ord_100461,cust_1051,2026-01-08 01:24:02,paid,271.84,15.55,3.9,291.29,FR,TX,bank_transfer
ord_100462,cust_1137,2025-12-28 15:41:38,refunded,316.3,23.94,15.72,355.96,DE,KA,apple_pay
ord_100463,cust_1362,2026-01-16 00:27:40,paid,25.63,2.22,4.64,32.49,US,MH,apple_pay
ord_100464,cust_1503,2026-01-07 16:15:55,pending,111.15,9.1,11.23,131.48,US,ON,card
ord_100465,cust_1151,2026-01-13 02:47:36,refunded,102.41,8.24,4.54,115.19,CA,KA,paypal
ord_100466,cust_1505,2026-01-30 14:45:32,refunded,269.38,24.85,2.05,296.28,US,MH,bank_transfer
ord_100467,cust_1095,2025-12-29 18:38:25,paid,245.33,15.42,9.05,269.8,IN,KA,bank_transfer
ord_100468,cust_1180,2026-01-27 22:24:07,paid,180.23,10.86,12.29,203.38,CA,LDN,bank_transfer
ord_100469,cust_1366,2025-12-26 18:22:31,refunded,376.21,31.64,17.15,425,FR,LDN,apple_pay
ord_100470,cust_1166,2025-12-27 21:01:55,paid,202.25,11.41,1.87,215.53,US,TX,bank_transfer
ord_100471,cust_1022,2026-01-13 10:34:39,cancelled,386.29,37.24,15.26,438.79,US,ON,apple_pay
ord_100472,cust_1122,2026-01-08 18:38:42,cancelled,178.9,18.25,7.57,204.72,DE,CA,apple_pay
ord_100473,cust_1542,2026-01-07 03:07:45,refunded,295.98,14.46,5.92,316.36,GB,CA,bank_transfer
ord_100474,cust_1541,2026-01-22 23:54:02,refunded,40.65,3.79,16.6,61.04,CA,TX,paypal
ord_100475,cust_1389,2025-12-27 10:40:17,paid,313.24,30.15,5.91,349.3,US,ON,apple_pay
ord_100476,cust_1507,2026-01-13 15:29:11,pending,31.34,1.44,9.52,42.3,CA,NY,apple_pay
ord_100477,cust_1352,2026-02-06 19:53:43,cancelled,459.97,38.58,17.98,516.53,FR,NY,apple_pay
ord_100478,cust_1548,2026-01-23 18:33:38,pending,161.23,16.39,17.17,194.79,IN,KA,paypal
ord_100479,cust_1261,2026-01-30 10:00:26,paid,362.81,25.9,5.41,394.12,GB,MH,bank_transfer
ord_100480,cust_1354,2026-01-16 04:24:33,cancelled,209.81,10.24,17.49,237.54,DE,KA,bank_transfer
ord_100481,cust_1216,2026-02-01 20:40:36,pending,34.84,2.5,4.86,42.2,CA,LDN,paypal
ord_100482,cust_1407,2026-01-05 22:31:01,refunded,88.7,4.55,2.21,95.46,US,KA,apple_pay
ord_100483,cust_1383,2026-01-11 00:37:56,pending,117.09,5.16,9.15,131.4,GB,TX,apple_pay
ord_100484,cust_1105,2026-01-05 11:07:38,refunded,68.83,6.59,7.25,82.67,IN,MH,paypal
ord_100485,cust_1455,2026-01-19 06:03:07,paid,344.12,25.86,11.44,381.42,CA,KA,paypal
ord_100486,cust_1459,2026-01-02 09:43:09,cancelled,337.66,17.19,6.79,361.64,GB,KA,paypal
ord_100487,cust_1173,2026-01-22 22:37:08,pending,164.4,14.22,13.36,191.98,IN,WA,bank_transfer
ord_100488,cust_1216,2026-01-04 07:45:57,pending,466.02,21.73,17.12,504.87,CA,WA,card
ord_100489,cust_1318,2026-02-04 09:44:33,pending,206.23,9.58,17.99,233.8,IN,WA,card
ord_100490,cust_1062,2026-01-07 11:44:42,paid,210.74,24.99,1.65,237.38,US,ON,card
ord_100491,cust_1196,2026-02-02 23:49:19,paid,313.85,31.36,17.45,362.66,GB,ON,paypal
ord_100492,cust_1475,2026-01-02 13:31:23,cancelled,176.5,18.73,2.91,198.14,GB,MH,card
ord_100493,cust_1434,2026-01-14 21:42:29,pending,452.53,52.06,13.29,517.88,IN,LDN,paypal
ord_100494,cust_1245,2025-12-24 22:02:40,pending,49.13,2.8,6.18,58.11,GB,LDN,bank_transfer
ord_100495,cust_1309,2026-01-30 13:57:58,cancelled,224.11,13.74,3.26,241.11,DE,LDN,bank_transfer
ord_100496,cust_1155,2025-12-25 05:57:59,pending,388.8,26.32,0.37,415.49,US,LDN,apple_pay
ord_100497,cust_1157,2026-01-07 15:47:00,refunded,177.05,14.45,10.99,202.49,CA,TX,bank_transfer
ord_100498,cust_1161,2026-01-24 21:54:17,pending,389.28,23.53,7.9,420.71,GB,KA,bank_transfer
ord_100499,cust_1119,2026-01-03 20:46:12,refunded,450.92,36.04,9.5,496.46,CA,LDN,paypal
ord_100500,cust_1310,2026-01-29 16:37:30,pending,236.17,11.08,17.39,264.64,FR,NY,apple_pay
ord_100501,cust_1010,2026-01-15 09:16:23,paid,357.01,17.36,8.83,383.2,DE,TX,card
ord_100502,cust_1278,2026-01-09 06:22:48,pending,90.7,9.93,14.22,114.85,FR,BE,apple_pay
ord_100503,cust_1362,2026-01-21 22:13:57,pending,212.75,8.53,1.96,223.24,FR,NY,paypal
ord_100504,cust_1068,2026-01-11 09:08:09,refunded,416.34,41.71,2.33,460.38,DE,BE,card
ord_100505,cust_1351,2026-01-05 06:34:05,pending,443.99,37.59,3.26,484.84,US,CA,apple_pay
ord_100506,cust_1094,2026-01-22 11:57:36,refunded,314.72,17.76,10.04,342.52,FR,LDN,card
ord_100507,cust_1460,2026-01-15 15:55:49,cancelled,100.34,8.85,3.88,113.07,CA,KA,apple_pay
ord_100508,cust_1135,2026-01-13 14:20:25,pending,451.04,34.29,4.7,490.03,CA,LDN,card
ord_100509,cust_1421,2025-12-30 16:50:03,paid,351.5,31.29,10.14,392.93,GB,BE,bank_transfer
ord_100510,cust_1231,2026-01-15 15:33:49,cancelled,36.18,4.01,5.58,45.77,DE,CA,paypal
ord_100511,cust_1284,2026-01-09 23:07:05,refunded,301.03,24.13,3.53,328.69,IN,LDN,paypal
ord_100512,cust_1123,2026-01-14 15:52:57,paid,153.44,12.76,11.43,177.63,DE,LDN,bank_transfer
ord_100513,cust_1359,2025-12-27 10:26:30,paid,133.8,10.39,3.54,147.73,US,WA,paypal
ord_100514,cust_1251,2026-01-12 18:22:57,refunded,143.06,7.34,1.1,151.5,IN,KA,paypal
ord_100515,cust_1303,2026-02-01 12:12:49,paid,468.74,22.12,1.92,492.78,FR,WA,apple_pay
ord_100516,cust_1238,2026-02-01 22:19:35,refunded,208.27,18.61,17.54,244.42,FR,KA,card
ord_100517,cust_1104,2025-12-27 16:01:52,pending,257.94,20.83,13.74,292.51,CA,LDN,bank_transfer
ord_100518,cust_1269,2026-01-22 14:00:54,pending,272.8,21.15,5.16,299.11,IN,BE,bank_transfer
ord_100519,cust_1232,2026-01-21 19:04:27,pending,309.91,16.43,6.56,332.9,US,CA,paypal
ord_100520,cust_1503,2026-01-27 03:09:16,cancelled,104.8,11.59,15.51,131.9,FR,ON,bank_transfer
ord_100521,cust_1119,2026-01-06 07:37:57,paid,220.66,24.13,2.16,246.95,GB,MH,apple_pay
ord_100522,cust_1371,2026-01-17 02:19:38,paid,227.26,17.48,5.54,250.28,DE,BE,paypal
ord_100523,cust_1147,2026-01-14 13:36:35,paid,232.1,14.74,3.78,250.62,CA,BE,apple_pay
ord_100524,cust_1063,2026-01-17 09:16:43,cancelled,207.71,12.32,0.87,220.9,GB,KA,paypal
ord_100525,cust_1057,2026-01-21 18:45:44,cancelled,298.75,34.37,6.31,339.43,DE,CA,paypal
ord_100526,cust_1389,2026-01-07 16:03:51,cancelled,382.19,30.13,8.16,420.48,US,CA,card
ord_100527,cust_1443,2026-01-24 20:09:13,refunded,356.71,19.2,6.77,382.68,GB,WA,card
ord_100528,cust_1205,2026-01-08 06:37:03,paid,492.23,46.95,5.77,544.95,GB,TX,apple_pay
ord_100529,cust_1279,2026-02-02 20:42:09,pending,266.53,14.86,9.34,290.73,FR,BE,bank_transfer
ord_100530,cust_1009,2026-01-15 06:33:32,refunded,298.24,19.95,6.79,324.98,CA,KA,bank_transfer
ord_100531,cust_1399,2026-01-14 05:16:58,cancelled,193.3,20.89,0.6,214.79,IN,WA,card
ord_100532,cust_1269,2026-01-05 20:24:02,cancelled,260.63,27.63,0.3,288.56,CA,TX,bank_transfer
ord_100533,cust_1315,2026-01-28 15:49:02,paid,324.15,28.75,7.33,360.23,FR,WA,bank_transfer
ord_100534,cust_1375,2026-01-13 05:25:00,refunded,192.98,15.64,10.32,218.94,FR,BE,apple_pay
ord_100535,cust_1132,2026-01-11 18:54:28,cancelled,366.41,31.27,15.9,413.58,GB,CA,apple_pay
ord_100536,cust_1054,2025-12-24 13:16:29,cancelled,486.31,28.01,17.67,531.99,IN,CA,paypal
ord_100537,cust_1110,2026-01-20 01:36:55,paid,300.2,13.88,4.67,318.75,US,TX,apple_pay
ord_100538,cust_1101,2026-01-19 06:26:37,pending,433.19,34.61,2.56,470.36,GB,ON,paypal
ord_100539,cust_1192,2026-01-22 09:53:31,refunded,135.61,10.43,6.01,152.05,CA,KA,bank_transfer
ord_100540,cust_1288,2026-01-11 22:30:02,cancelled,277.12,20.76,1.74,299.62,GB,CA,apple_pay
ord_100541,cust_1548,2025-12-30 18:36:20,pending,215.92,19.86,2.66,238.44,IN,WA,paypal
ord_100542,cust_1537,2026-02-02 19:47:15,refunded,31,1.3,0.74,33.04,FR,WA,card
ord_100543,cust_1417,2026-01-13 22:56:28,paid,223.71,13.28,2.99,239.98,DE,WA,card
ord_100544,cust_1118,2026-01-23 10:15:28,paid,103.07,4.81,15.31,123.19,FR,NY,bank_transfer
ord_100545,cust_1195,2026-01-19 15:36:59,pending,233.27,20.1,13.42,266.79,FR,NY,apple_pay
ord_100546,cust_1233,2026-01-03 10:06:59,paid,59.54,2.58,8.4,70.52,FR,WA,paypal
ord_100547,cust_1173,2026-01-05 23:26:07,pending,80.61,9.16,11.18,100.95,US,LDN,paypal
ord_100548,cust_1375,2025-12-30 21:05:58,paid,283.55,16.67,2.84,303.06,US,CA,card
ord_100549,cust_1421,2026-01-18 03:25:10,pending,119.23,10.45,1.08,130.76,IN,ON,paypal
ord_100550,cust_1487,2026-01-13 02:24:15,paid,27.48,1.56,8.73,37.77,DE,BE,paypal
ord_100551,cust_1199,2025-12-28 19:50:10,refunded,280.79,27.67,8.38,316.84,IN,CA,apple_pay
ord_100552,cust_1146,2025-12-27 03:22:34,paid,250.32,24.21,1.57,276.1,GB,ON,apple_pay
ord_100553,cust_1500,2026-01-03 11:44:34,cancelled,34.16,3.44,3.08,40.68,CA,NY,bank_transfer
ord_100554,cust_1470,2026-01-17 14:07:12,paid,309.93,24.94,2.44,337.31,GB,KA,apple_pay
ord_100555,cust_1170,2026-02-06 06:33:30,cancelled,335.61,32.57,0.71,368.89,US,BE,paypal
ord_100556,cust_1271,2025-12-27 14:35:23,paid,99.55,11.28,16.94,127.77,CA,TX,bank_transfer
ord_100557,cust_1377,2025-12-30 01:49:22,pending,310.25,29.35,6,345.6,US,NY,bank_transfer
ord_100558,cust_1486,2026-01-14 09:31:47,cancelled,110.17,8.51,16.64,135.32,DE,KA,card
ord_100559,cust_1435,2026-01-02 03:42:57,paid,29.5,3.11,4.7,37.31,CA,MH,apple_pay
ord_100560,cust_1351,2026-01-30 23:23:21,cancelled,231.16,23.76,0.51,255.43,CA,KA,card
ord_100561,cust_1177,2026-01-16 10:30:14,pending,60.27,4.7,9.86,74.83,CA,BE,apple_pay
ord_100562,cust_1361,2026-01-07 02:21:56,cancelled,163.75,17.68,16.78,198.21,US,NY,apple_pay
ord_100563,cust_1363,2026-01-14 19:34:38,paid,410.28,26.96,14.64,451.88,IN,TX,bank_transfer
ord_100564,cust_1513,2026-01-31 08:33:23,cancelled,239.05,17.03,13.41,269.49,IN,TX,apple_pay
ord_100565,cust_1450,2025-12-25 10:47:45,cancelled,172.15,16.85,10.24,199.24,IN,WA,paypal
ord_100566,cust_1098,2025-12-30 10:08:09,cancelled,363.39,37.97,10.04,411.4,DE,NY,apple_pay
ord_100567,cust_1394,2026-01-24 05:37:38,pending,447.85,29.24,1.93,479.02,US,WA,card
ord_100568,cust_1234,2026-02-04 00:00:22,refunded,176.02,17.84,7.93,201.79,FR,CA,apple_pay
ord_100569,cust_1505,2026-01-30 22:17:12,paid,455.79,40.06,12.95,508.8,US,CA,bank_transfer
ord_100570,cust_1110,2025-12-24 22:18:50,cancelled,80.5,6.33,8.44,95.27,FR,NY,apple_pay
ord_100571,cust_1463,2026-02-03 22:26:08,paid,252.98,13.69,17.02,283.69,US,KA,card
ord_100572,cust_1388,2026-01-14 08:42:46,pending,143.47,9.79,0.53,153.79,US,NY,card
ord_100573,cust_1118,2025-12-24 21:21:46,pending,245.12,21.59,5.82,272.53,CA,NY,paypal
ord_100574,cust_1185,2025-12-25 11:25:20,cancelled,262.63,22.83,9.93,295.39,CA,CA,card
ord_100575,cust_1134,2026-01-18 23:43:53,cancelled,395.04,22.12,17.89,435.05,IN,BE,card
ord_100576,cust_1426,2026-01-13 03:40:49,pending,438.26,31.4,16.55,486.21,US,LDN,bank_transfer
ord_100577,cust_1347,2026-01-28 13:27:48,pending,140.05,5.91,12.99,158.95,US,TX,paypal
ord_100578,cust_1239,2026-01-18 05:57:37,pending,439.58,47.86,14.37,501.81,US,ON,card
ord_100579,cust_1245,2026-01-05 04:42:32,paid,258.67,15.51,12.35,286.53,IN,KA,bank_transfer
ord_100580,cust_1447,2026-02-02 02:15:09,cancelled,144.96,13.36,9.17,167.49,FR,ON,card
ord_100581,cust_1268,2026-01-09 04:27:50,refunded,346.31,16.7,3.57,366.58,GB,MH,apple_pay
ord_100582,cust_1080,2025-12-24 02:08:54,pending,423.21,42.7,15.54,481.45,DE,LDN,apple_pay
ord_100583,cust_1385,2026-01-30 17:31:40,paid,89.3,9.93,8.71,107.94,US,ON,paypal
ord_100584,cust_1320,2025-12-29 19:10:32,refunded,213.7,18.03,8.02,239.75,US,BE,paypal
ord_100585,cust_1173,2026-01-18 13:09:02,refunded,361.03,27.78,6.57,395.38,US,BE,bank_transfer
ord_100586,cust_1204,2026-01-16 17:59:22,refunded,133.08,14.7,15.96,163.74,DE,WA,paypal
ord_100587,cust_1205,2025-12-24 17:10:54,paid,477.83,47.28,17.67,542.78,FR,ON,card
ord_100588,cust_1123,2026-02-02 21:56:51,cancelled,137.81,10.44,11.97,160.22,CA,KA,paypal
ord_100589,cust_1450,2025-12-31 19:18:16,cancelled,239.28,21.32,1.44,262.04,GB,BE,bank_transfer
ord_100590,cust_1316,2026-01-28 00:17:11,cancelled,257.63,18.82,15.24,291.69,GB,KA,paypal
ord_100591,cust_1026,2026-02-04 07:41:37,cancelled,362.97,43.27,13.49,419.73,IN,NY,bank_transfer
ord_100592,cust_1394,2026-01-08 00:47:32,paid,469.13,34.37,13.93,517.43,IN,KA,paypal
ord_100593,cust_1345,2026-01-16 05:28:05,pending,438.38,35.44,4,477.82,CA,TX,card
ord_100594,cust_1016,2026-01-18 02:05:51,refunded,203.84,21.65,9.89,235.38,FR,LDN,card
ord_100595,cust_1495,2026-01-18 20:38:12,cancelled,215.39,18.38,12.39,246.16,FR,KA,apple_pay
ord_100596,cust_1125,2026-01-24 01:43:47,refunded,389.21,46.1,16.07,451.38,CA,ON,bank_transfer
ord_100597,cust_1284,2026-01-30 05:51:42,cancelled,189.68,8.71,12.99,211.38,GB,BE,card
ord_100598,cust_1511,2026-01-12 04:20:35,cancelled,193.81,8.19,12.67,214.67,IN,TX,bank_transfer
ord_100599,cust_1301,2026-01-02 21:23:30,paid,495.07,23.41,16.46,534.94,IN,TX,card
ord_100600,cust_1512,2025-12-29 18:55:42,paid,211.7,12.44,8.02,232.16,IN,MH,paypal
ord_100601,cust_1001,2025-12-26 08:34:54,cancelled,220.9,22.2,6.79,249.89,GB,TX,apple_pay
ord_100602,cust_1331,2026-01-25 07:23:40,cancelled,367.67,24.15,13.36,405.18,FR,MH,bank_transfer
ord_100603,cust_1159,2025-12-27 02:20:44,pending,423.84,45.75,14.69,484.28,DE,WA,card
ord_100604,cust_1042,2026-01-05 20:39:39,refunded,378.45,42.33,6.69,427.47,FR,CA,apple_pay
ord_100605,cust_1115,2026-01-10 11:05:59,cancelled,85.64,9.76,10.3,105.7,US,MH,paypal
ord_100606,cust_1277,2025-12-26 06:47:52,pending,357.48,30.28,12,399.76,FR,KA,paypal
ord_100607,cust_1361,2026-01-18 04:40:20,pending,322.7,27.63,5.65,355.98,DE,KA,apple_pay
ord_100608,cust_1486,2026-01-18 17:20:06,paid,29,1.88,14.2,45.08,US,MH,card
ord_100609,cust_1340,2026-01-10 15:46:30,cancelled,487.2,46.02,7.99,541.21,FR,KA,card
ord_100610,cust_1058,2026-01-07 13:11:53,cancelled,474.52,21.7,7.61,503.83,US,BE,paypal
ord_100611,cust_1232,2026-02-02 12:26:11,pending,434.54,38.39,7.04,479.97,US,NY,card
ord_100612,cust_1367,2026-02-03 05:58:05,refunded,212.09,19.52,1.69,233.3,DE,BE,paypal
ord_100613,cust_1403,2026-02-06 05:29:10,refunded,27.95,3.25,5.95,37.15,IN,ON,bank_transfer
ord_100614,cust_1545,2026-01-12 13:23:36,pending,199.68,19.65,5.09,224.42,US,NY,bank_transfer
ord_100615,cust_1462,2026-01-05 22:39:14,pending,77.81,6.14,6.53,90.48,CA,TX,bank_transfer
ord_100616,cust_1488,2026-01-01 17:31:51,refunded,185.55,13.17,8.28,207,CA,LDN,bank_transfer
ord_100617,cust_1250,2026-01-09 13:26:51,refunded,58.73,6.31,9.45,74.49,IN,NY,bank_transfer
ord_100618,cust_1332,2026-01-11 02:52:21,refunded,104.84,9.49,2.16,116.49,DE,LDN,apple_pay
ord_100619,cust_1480,2025-12-29 07:26:03,pending,203.12,8.97,14.39,226.48,DE,NY,apple_pay
ord_100620,cust_1063,2026-01-29 09:07:31,refunded,125.08,12.48,2.8,140.36,US,CA,paypal
ord_100621,cust_1299,2025-12-24 17:00:10,pending,343.58,27.82,15.46,386.86,IN,CA,apple_pay
ord_100622,cust_1009,2026-01-08 20:56:48,cancelled,446.97,30.5,15.12,492.59,CA,ON,bank_transfer
ord_100623,cust_1272,2026-01-16 00:00:54,pending,12.14,1.11,8.58,21.83,GB,TX,bank_transfer
ord_100624,cust_1503,2026-01-13 03:35:25,cancelled,375.69,32.72,10.3,418.71,GB,BE,card
ord_100625,cust_1447,2026-01-30 04:52:28,paid,415.62,29.04,0.93,445.59,CA,NY,card
ord_100626,cust_1487,2026-01-04 01:55:28,pending,421.33,43.86,14.42,479.61,FR,WA,bank_transfer
ord_100627,cust_1151,2026-01-08 02:06:32,paid,224.6,18.04,16.59,259.23,FR,LDN,bank_transfer
ord_100628,cust_1375,2026-01-31 03:09:05,refunded,319.75,15.94,14.39,350.08,DE,WA,card
ord_100629,cust_1379,2026-01-15 23:21:57,pending,177.95,21.27,16.51,215.73,CA,MH,card
ord_100630,cust_1049,2026-01-10 03:53:36,pending,242.96,23.84,13.06,279.86,DE,KA,paypal
ord_100631,cust_1319,2026-02-01 08:21:38,refunded,26.86,3.16,7.24,37.26,IN,TX,bank_transfer
ord_100632,cust_1388,2026-01-03 19:42:26,pending,73.36,3.11,15.65,92.12,US,BE,apple_pay
ord_100633,cust_1539,2026-01-29 01:41:32,cancelled,59.69,4.8,9.49,73.98,US,BE,bank_transfer
ord_100634,cust_1462,2026-01-30 16:43:45,cancelled,430.28,33.75,6.08,470.11,FR,KA,bank_transfer
ord_100635,cust_1061,2026-01-14 01:03:32,paid,123.34,14.31,9.89,147.54,DE,TX,paypal
ord_100636,cust_1426,2026-01-13 18:17:00,cancelled,419,47.3,10.23,476.53,DE,TX,paypal
ord_100637,cust_1481,2026-01-04 22:18:14,refunded,488.31,39.68,15.78,543.77,US,BE,bank_transfer
ord_100638,cust_1452,2026-01-06 17:53:56,paid,327.4,20.98,16.66,365.04,US,BE,paypal
ord_100639,cust_1213,2026-01-07 11:27:45,cancelled,426.63,47.41,12.35,486.39,GB,ON,bank_transfer
ord_100640,cust_1017,2026-01-11 17:08:48,pending,462.88,51.17,7.82,521.87,GB,ON,paypal
ord_100641,cust_1445,2026-01-27 21:36:09,pending,311.76,34.56,0.27,346.59,GB,WA,bank_transfer
ord_100642,cust_1441,2026-01-17 07:49:39,paid,475.41,42.67,12.12,530.2,DE,MH,apple_pay
ord_100643,cust_1509,2025-12-28 11:55:39,pending,351.82,19.34,17.44,388.6,IN,BE,card
ord_100644,cust_1074,2026-01-21 03:48:38,pending,482.65,35.51,16.63,534.79,DE,CA,card
ord_100645,cust_1535,2026-01-09 19:28:30,cancelled,161.69,13.35,5.19,180.23,DE,CA,bank_transfer
ord_100646,cust_1282,2026-01-18 16:04:00,pending,367.67,14.76,15.83,398.26,DE,MH,apple_pay
ord_100647,cust_1527,2025-12-24 21:46:35,refunded,12.07,0.56,14.26,26.89,CA,CA,card
ord_100648,cust_1280,2026-02-05 10:53:07,pending,158.15,11.06,7.44,176.65,DE,LDN,card
ord_100649,cust_1179,2026-01-22 13:22:19,pending,413,28.24,4.93,446.17,GB,ON,paypal
ord_100650,cust_1056,2025-12-25 16:10:49,refunded,452.41,25.78,3.31,481.5,US,WA,card
ord_100651,cust_1530,2026-01-16 00:32:02,cancelled,269.96,19.4,11.75,301.11,FR,MH,bank_transfer
ord_100652,cust_1046,2026-01-16 18:40:48,pending,206.82,8.45,14.14,229.41,CA,NY,card
ord_100653,cust_1532,2026-02-06 12:29:18,paid,214.31,11.59,2.97,228.87,DE,WA,paypal
ord_100654,cust_1222,2026-01-20 21:56:25,paid,210.17,19.66,6.35,236.18,DE,CA,apple_pay
ord_100655,cust_1421,2026-01-14 18:51:21,pending,408.62,22.47,12.19,443.28,US,TX,bank_transfer
ord_100656,cust_1168,2026-01-05 05:06:49,cancelled,413.73,18.66,16.52,448.91,FR,KA,paypal
ord_100657,cust_1458,2026-01-29 02:54:43,refunded,446.14,25.18,4.18,475.5,CA,WA,paypal
ord_100658,cust_1283,2026-01-07 09:25:45,cancelled,327.97,36.45,16.57,380.99,US,MH,card
ord_100659,cust_1229,2026-01-15 13:57:58,cancelled,474.71,43.84,16.28,534.83,GB,LDN,bank_transfer
ord_100660,cust_1337,2026-01-22 00:02:57,pending,23.56,1.58,9.33,34.47,CA,NY,bank_transfer
ord_100661,cust_1112,2026-01-21 13:03:46,pending,279.39,21.44,9.78,310.61,IN,LDN,card
ord_100662,cust_1255,2026-01-28 16:34:01,paid,352.69,18.96,14.05,385.7,US,CA,bank_transfer
ord_100663,cust_1454,2026-02-06 22:58:10,paid,34.73,2.76,4.44,41.93,DE,KA,bank_transfer
ord_100664,cust_1136,2026-01-28 12:15:55,pending,33.09,3.48,14.47,51.04,CA,KA,apple_pay
ord_100665,cust_1378,2025-12-25 13:55:50,pending,168.87,13.72,3.27,185.86,DE,TX,paypal
ord_100666,cust_1503,2026-01-20 04:21:17,pending,202.64,14.23,0.81,217.68,IN,WA,card
ord_100667,cust_1544,2025-12-31 15:10:05,refunded,457.45,27.26,17.67,502.38,IN,KA,bank_transfer
ord_100668,cust_1379,2026-01-02 12:57:19,cancelled,66.32,6.69,4.78,77.79,FR,KA,paypal
ord_100669,cust_1419,2026-02-06 19:09:12,cancelled,474.59,27.56,7.06,509.21,US,WA,paypal
ord_100670,cust_1097,2026-01-23 02:57:05,pending,208.98,16.75,5.81,231.54,DE,WA,bank_transfer
ord_100671,cust_1055,2026-01-03 20:37:28,cancelled,476.12,29.47,10.86,516.45,CA,ON,apple_pay
ord_100672,cust_1389,2026-02-06 04:31:03,paid,462.24,19.52,8.9,490.66,DE,TX,paypal
ord_100673,cust_1480,2025-12-25 23:22:17,pending,406.02,28.09,2.44,436.55,FR,MH,apple_pay
ord_100674,cust_1026,2026-02-06 15:12:17,refunded,11.91,1.42,2.84,16.17,FR,KA,paypal
ord_100675,cust_1101,2026-01-26 04:30:12,paid,107.2,12.61,7.36,127.17,CA,ON,paypal
ord_100676,cust_1006,2025-12-28 11:08:00,paid,189.09,22.54,6.04,217.67,US,WA,paypal
ord_100677,cust_1463,2026-01-24 20:39:37,refunded,269.46,18.84,6.06,294.36,IN,MH,paypal
ord_100678,cust_1201,2026-02-05 22:08:47,refunded,137.72,11.62,3.43,152.77,DE,ON,card
ord_100679,cust_1227,2026-02-04 20:28:55,cancelled,276.93,27.89,13.46,318.28,IN,KA,paypal
ord_100680,cust_1277,2026-02-02 22:40:01,refunded,466.05,43.71,7.34,517.1,FR,ON,card
ord_100681,cust_1071,2026-01-11 05:24:28,pending,146.34,14.96,6.12,167.42,GB,NY,apple_pay
ord_100682,cust_1416,2025-12-30 15:56:14,pending,482.31,50.67,0.89,533.87,GB,LDN,apple_pay
ord_100683,cust_1056,2026-01-02 09:57:09,paid,453.34,18.86,0.82,473.02,US,MH,card
ord_100684,cust_1057,2026-02-03 01:30:15,cancelled,67.74,3.71,11.09,82.54,IN,BE,paypal
ord_100685,cust_1007,2026-01-28 08:59:40,pending,298.53,22.08,13.66,334.27,IN,WA,paypal
ord_100686,cust_1462,2026-02-02 22:32:39,cancelled,344.5,13.85,18,376.35,GB,BE,apple_pay
ord_100687,cust_1297,2026-01-29 05:46:53,refunded,297.27,14.36,9.72,321.35,DE,WA,paypal
ord_100688,cust_1180,2026-01-21 05:26:44,cancelled,327.73,23.85,16.28,367.86,DE,MH,card
ord_100689,cust_1054,2026-01-01 18:42:41,paid,442.68,52.21,4.19,499.08,US,ON,card
ord_100690,cust_1467,2026-01-26 12:19:40,cancelled,308.97,17.47,1.67,328.11,FR,KA,bank_transfer
ord_100691,cust_1260,2026-01-30 15:50:11,pending,29.29,2.68,10.01,41.98,GB,LDN,paypal
ord_100692,cust_1047,2025-12-28 16:49:55,paid,260.85,22.96,16.01,299.82,DE,CA,card
ord_100693,cust_1334,2025-12-26 21:41:53,refunded,215.83,13.18,7.53,236.54,DE,TX,paypal
ord_100694,cust_1496,2026-01-06 12:24:51,pending,409.48,39.88,13.82,463.18,US,MH,card
ord_100695,cust_1366,2026-01-26 07:09:59,pending,112.27,12.84,12.93,138.04,DE,BE,card
ord_100696,cust_1427,2026-01-19 02:46:40,cancelled,30.38,3.59,1.77,35.74,US,CA,apple_pay
ord_100697,cust_1187,2026-01-02 09:58:54,cancelled,389.29,44.49,9.07,442.85,FR,MH,bank_transfer
ord_100698,cust_1350,2026-01-04 17:06:49,paid,213.72,11.52,4.18,229.42,GB,LDN,bank_transfer
ord_100699,cust_1182,2026-01-31 15:25:03,paid,265.63,12.68,14.81,293.12,FR,WA,card
ord_100700,cust_1101,2026-02-06 00:24:58,pending,274.7,15.68,5.56,295.94,GB,LDN,apple_pay
ord_100701,cust_1115,2026-01-04 17:52:32,refunded,17.87,0.86,0.02,18.75,IN,LDN,bank_transfer
ord_100702,cust_1042,2025-12-28 13:39:43,refunded,379.7,29.64,10.49,419.83,DE,NY,apple_pay
ord_100703,cust_1240,2026-01-30 16:21:06,refunded,375.03,15.75,4.53,395.31,FR,WA,apple_pay
ord_100704,cust_1006,2026-01-02 13:20:10,cancelled,125.48,13.11,12.77,151.36,IN,LDN,apple_pay
ord_100705,cust_1099,2026-01-08 09:46:36,pending,30.45,2.03,3.48,35.96,CA,ON,bank_transfer
ord_100706,cust_1225,2026-01-12 10:14:24,refunded,403.99,21.82,2.63,428.44,IN,CA,paypal
ord_100707,cust_1131,2025-12-27 22:00:27,pending,126.1,11.97,2.48,140.55,DE,WA,card
ord_100708,cust_1210,2026-02-06 12:05:25,cancelled,329.78,28.55,6.83,365.16,GB,LDN,bank_transfer
ord_100709,cust_1289,2026-01-22 23:26:41,pending,440.35,48.93,1.31,490.59,GB,CA,card
ord_100710,cust_1260,2026-01-08 09:37:44,cancelled,466.48,52.69,2.4,521.57,FR,KA,apple_pay
ord_100711,cust_1282,2026-01-17 20:55:23,cancelled,145.4,9.84,6.53,161.77,DE,LDN,paypal
ord_100712,cust_1103,2026-01-22 03:43:57,pending,236.63,11.72,16.53,264.88,GB,LDN,paypal
ord_100713,cust_1450,2025-12-28 17:55:43,pending,269.51,11.68,6.1,287.29,US,BE,paypal
ord_100714,cust_1119,2026-01-13 08:39:48,cancelled,79.21,7.81,2.15,89.17,IN,NY,card
ord_100715,cust_1286,2026-02-05 15:21:09,paid,108.62,8.58,5.57,122.77,GB,ON,apple_pay
ord_100716,cust_1542,2026-02-02 10:35:31,paid,18.44,1.64,15.6,35.68,CA,NY,paypal
ord_100717,cust_1371,2026-01-04 06:35:45,cancelled,429.9,36.59,13.1,479.59,DE,LDN,card
ord_100718,cust_1183,2025-12-30 04:04:03,refunded,208.42,16.39,6.06,230.87,IN,NY,paypal
ord_100719,cust_1131,2026-01-20 06:27:12,cancelled,290.86,19.1,11.85,321.81,GB,NY,apple_pay
ord_100720,cust_1415,2026-01-09 20:40:36,pending,438.78,47.46,13.69,499.93,GB,NY,apple_pay
ord_100721,cust_1308,2026-01-08 21:45:11,refunded,446.09,37.23,0.58,483.9,CA,KA,bank_transfer
ord_100722,cust_1217,2026-01-21 01:04:12,cancelled,147.06,14.69,12.03,173.78,US,KA,card
ord_100723,cust_1294,2026-01-30 04:09:40,cancelled,146.16,14.38,1.4,161.94,CA,ON,card
ord_100724,cust_1261,2026-01-23 07:50:09,cancelled,433.99,22.91,13.55,470.45,GB,MH,card
ord_100725,cust_1101,2026-01-15 11:21:45,cancelled,89.45,3.75,0.69,93.89,US,ON,card
ord_100726,cust_1369,2026-01-25 15:40:51,pending,402.66,35.39,6.83,444.88,DE,KA,bank_transfer
ord_100727,cust_1481,2026-02-04 12:53:03,refunded,190.87,21.87,10.35,223.09,DE,NY,card
ord_100728,cust_1050,2026-01-16 00:26:23,paid,10.41,0.68,0.4,11.49,CA,NY,paypal
ord_100729,cust_1548,2026-01-08 19:04:31,cancelled,188.4,14.68,6.31,209.39,US,TX,apple_pay
ord_100730,cust_1536,2026-01-15 13:06:28,pending,353.54,22.56,11.82,387.92,IN,ON,paypal
ord_100731,cust_1293,2026-01-26 07:14:10,refunded,68.06,7.37,14.59,90.02,FR,ON,apple_pay
ord_100732,cust_1265,2026-01-04 01:30:28,paid,350.36,29.87,15.03,395.26,CA,LDN,apple_pay
ord_100733,cust_1524,2026-01-14 06:13:25,refunded,302,22.32,10.18,334.5,GB,NY,card
ord_100734,cust_1097,2026-01-03 15:41:29,paid,383.6,39.11,6.43,429.14,CA,LDN,paypal
ord_100735,cust_1182,2026-01-28 03:46:49,cancelled,496.17,42.31,16.23,554.71,FR,TX,bank_transfer
ord_100736,cust_1516,2026-01-14 08:17:28,cancelled,489,47.48,16.61,553.09,IN,ON,paypal
ord_100737,cust_1046,2026-01-04 15:32:27,refunded,144.39,14.32,11.72,170.43,FR,ON,apple_pay
ord_100738,cust_1542,2026-01-02 20:58:14,refunded,362.25,21.6,6.67,390.52,GB,WA,paypal
ord_100739,cust_1307,2026-02-05 05:38:06,cancelled,440.06,38.37,9.89,488.32,FR,LDN,card
ord_100740,cust_1002,2026-02-04 05:33:18,pending,121.03,13.25,10.98,145.26,GB,BE,apple_pay
ord_100741,cust_1382,2026-01-29 00:07:02,pending,187.33,19.11,2.79,209.23,GB,KA,card
ord_100742,cust_1199,2026-01-16 04:14:08,cancelled,221.56,22.79,3.65,248,CA,NY,card
ord_100743,cust_1315,2026-01-31 03:52:10,cancelled,465.42,32.44,1.6,499.46,IN,BE,paypal
ord_100744,cust_1031,2026-01-31 08:51:22,refunded,438.1,51.78,10.73,500.61,FR,CA,bank_transfer
ord_100745,cust_1033,2026-01-30 10:24:10,refunded,365.61,21.6,9.57,396.78,GB,BE,card
ord_100746,cust_1504,2026-01-04 20:09:20,paid,459.57,50.14,17.91,527.62,GB,BE,card
ord_100747,cust_1493,2026-01-26 13:25:36,pending,150.63,10.92,5.86,167.41,DE,MH,apple_pay
ord_100748,cust_1310,2026-01-26 06:53:16,refunded,192.74,17.18,18,227.92,IN,BE,paypal
ord_100749,cust_1223,2026-02-05 20:04:08,refunded,349.62,29.28,3.79,382.69,FR,TX,apple_pay
ord_100750,cust_1510,2026-01-30 11:24:01,refunded,413.08,16.83,15,444.91,FR,TX,card
ord_100751,cust_1368,2026-01-22 08:12:37,paid,384.76,22.07,5.88,412.71,GB,NY,card
ord_100752,cust_1103,2025-12-26 18:15:41,paid,318.12,17.43,11.69,347.24,DE,TX,bank_transfer
ord_100753,cust_1128,2026-01-08 14:41:59,refunded,161.01,13.28,15.99,190.28,DE,LDN,bank_transfer
ord_100754,cust_1130,2025-12-30 11:44:55,cancelled,429.72,21.3,2.57,453.59,DE,CA,card
ord_100755,cust_1113,2026-02-04 13:24:27,refunded,388.42,42.65,13.63,444.7,CA,BE,card
ord_100756,cust_1386,2026-01-14 12:01:05,pending,458.81,54.47,13.57,526.85,FR,TX,apple_pay
ord_100757,cust_1474,2025-12-28 20:21:31,paid,32.17,2.7,11.64,46.51,GB,MH,paypal
ord_100758,cust_1529,2026-01-11 17:26:52,pending,409.39,41.7,12.81,463.9,IN,KA,bank_transfer
ord_100759,cust_1317,2026-01-04 17:10:25,refunded,429.88,50.76,6.56,487.2,FR,LDN,paypal
ord_100760,cust_1338,2026-01-08 17:00:52,pending,321.39,18.48,4.01,343.88,US,CA,bank_transfer
ord_100761,cust_1003,2026-01-20 04:27:20,cancelled,99.31,5.73,9.66,114.7,CA,CA,bank_transfer
ord_100762,cust_1102,2026-01-24 02:09:15,refunded,109.39,7.19,6.53,123.11,GB,BE,apple_pay
ord_100763,cust_1346,2026-01-31 06:50:22,refunded,400.2,27.52,17.27,444.99,US,TX,card
ord_100764,cust_1010,2026-01-05 04:43:14,refunded,249.16,25.23,12.35,286.74,CA,TX,bank_transfer
ord_100765,cust_1454,2026-02-06 06:35:13,cancelled,351.12,28.73,12.55,392.4,GB,CA,paypal
ord_100766,cust_1290,2026-01-20 19:44:58,pending,82.21,9.52,5.68,97.41,US,KA,apple_pay
ord_100767,cust_1176,2026-01-08 15:46:43,cancelled,456.66,32.86,3.03,492.55,GB,MH,bank_transfer
ord_100768,cust_1039,2026-01-19 17:33:59,paid,484.54,49.08,3.23,536.85,US,CA,card
ord_100769,cust_1363,2026-01-22 12:42:52,refunded,203.1,22.98,7.64,233.72,CA,CA,paypal
ord_100770,cust_1051,2026-01-08 05:59:36,cancelled,268.11,21.46,9.65,299.22,GB,CA,bank_transfer
ord_100771,cust_1109,2026-01-04 22:35:08,cancelled,183.3,10.49,2.75,196.54,CA,TX,card
ord_100772,cust_1462,2025-12-29 09:15:01,paid,283,21.05,0.66,304.71,GB,TX,bank_transfer
ord_100773,cust_1331,2026-01-26 22:58:22,pending,275.91,20.34,6.87,303.12,CA,NY,paypal
ord_100774,cust_1067,2026-01-18 22:16:50,cancelled,195.84,17.63,6.05,219.52,FR,TX,bank_transfer
ord_100775,cust_1138,2026-01-26 23:47:00,pending,127.22,8.47,12.72,148.41,FR,LDN,card
ord_100776,cust_1207,2026-01-21 19:28:08,paid,131.57,14.06,10.69,156.32,FR,WA,apple_pay
ord_100777,cust_1301,2025-12-30 08:29:45,cancelled,222.53,10.42,6.91,239.86,GB,WA,bank_transfer
ord_100778,cust_1490,2026-01-07 07:26:52,pending,33.3,3.63,2.44,39.37,IN,KA,bank_transfer
ord_100779,cust_1065,2026-01-29 05:44:04,paid,298.39,28.65,15.16,342.2,FR,NY,apple_pay
ord_100780,cust_1076,2026-01-14 20:12:48,refunded,240.51,12.75,7.5,260.76,FR,ON,card
ord_100781,cust_1281,2026-01-28 12:11:46,paid,132.19,6.01,13.59,151.79,DE,ON,paypal
ord_100782,cust_1303,2026-01-16 11:57:55,refunded,321.33,22.33,15.58,359.24,GB,CA,paypal
ord_100783,cust_1139,2026-01-09 18:05:30,paid,323.93,32.93,5.98,362.84,US,NY,bank_transfer
ord_100784,cust_1532,2025-12-27 20:47:04,cancelled,57.88,4.8,7.72,70.4,CA,CA,apple_pay
ord_100785,cust_1333,2026-02-02 17:32:38,paid,344.82,21.36,9.95,376.13,DE,BE,bank_transfer
ord_100786,cust_1291,2026-01-18 21:42:06,paid,287.13,30.6,9.32,327.05,DE,BE,card
ord_100787,cust_1274,2026-01-26 10:26:15,paid,412.93,18.86,9.47,441.26,US,BE,apple_pay
ord_100788,cust_1101,2026-02-02 01:22:11,refunded,33.16,1.34,0.34,34.84,US,KA,paypal
ord_100789,cust_1459,2026-01-20 09:53:16,pending,337.83,34.4,1.54,373.77,FR,LDN,apple_pay
ord_100790,cust_1314,2026-01-26 06:18:54,cancelled,295.73,12.8,7.8,316.33,CA,ON,paypal
ord_100791,cust_1199,2026-01-10 17:41:34,pending,249.36,17.35,15.26,281.97,US,LDN,paypal
ord_100792,cust_1013,2025-12-25 13:15:15,pending,409.98,42.28,10.2,462.46,US,WA,paypal
ord_100793,cust_1413,2026-01-07 11:34:47,cancelled,180.39,17.07,4.76,202.22,US,ON,apple_pay
ord_100794,cust_1306,2025-12-25 11:08:59,paid,267.12,20.32,8.27,295.71,US,CA,paypal
ord_100795,cust_1005,2026-02-03 06:20:46,paid,45.89,3.77,5.1,54.76,CA,CA,paypal
ord_100796,cust_1351,2026-01-17 01:47:49,pending,490.28,25.12,5.55,520.95,GB,LDN,bank_transfer
ord_100797,cust_1509,2026-01-01 21:23:26,pending,203.05,15.22,15.92,234.19,DE,MH,card
ord_100798,cust_1093,2026-01-05 03:33:45,cancelled,483.56,43.83,9.48,536.87,DE,LDN,bank_transfer
ord_100799,cust_1289,2026-01-27 07:26:51,cancelled,121.79,8.96,11.32,142.07,FR,NY,card
ord_100800,cust_1479,2025-12-25 21:27:38,refunded,71.5,3.68,11.71,86.89,US,LDN,paypal
ord_100801,cust_1484,2026-01-29 00:14:42,paid,130.86,14.9,0.49,146.25,US,LDN,bank_transfer
ord_100802,cust_1281,2026-01-16 19:27:00,pending,104.61,11.2,14.69,130.5,IN,BE,bank_transfer
ord_100803,cust_1429,2026-01-21 00:42:02,refunded,137.93,11.39,9.14,158.46,GB,TX,apple_pay
ord_100804,cust_1152,2026-01-10 07:50:07,refunded,245.36,26.39,15.55,287.3,FR,LDN,bank_transfer
ord_100805,cust_1170,2026-01-16 16:05:50,paid,303.44,20.07,8.05,331.56,US,BE,apple_pay
ord_100806,cust_1353,2025-12-26 21:05:02,cancelled,313.08,27.47,10.89,351.44,FR,NY,apple_pay
ord_100807,cust_1210,2026-01-31 17:34:50,pending,491.54,20.7,14.58,526.82,GB,NY,card
ord_100808,cust_1034,2026-01-10 22:59:52,pending,440.23,27.2,3.62,471.05,GB,KA,bank_transfer
ord_100809,cust_1337,2026-02-02 16:39:44,refunded,393.99,21.8,1.56,417.35,US,ON,apple_pay
ord_100810,cust_1470,2026-02-02 02:40:20,pending,135,10.67,5.97,151.64,GB,CA,paypal
ord_100811,cust_1026,2026-01-02 14:33:49,paid,411.89,21.36,5.88,439.13,GB,NY,bank_transfer
ord_100812,cust_1390,2025-12-27 09:24:59,pending,218.23,20.76,3.54,242.53,CA,NY,apple_pay
ord_100813,cust_1278,2026-02-05 05:21:57,paid,416.28,30.38,11.51,458.17,FR,TX,apple_pay
ord_100814,cust_1530,2026-01-09 19:26:02,cancelled,356.92,28.8,9.1,394.82,GB,NY,apple_pay
ord_100815,cust_1512,2026-01-21 19:58:48,refunded,97.42,7.11,12.88,117.41,FR,KA,card
ord_100816,cust_1445,2026-01-23 13:45:43,refunded,481.42,43.34,9.94,534.7,DE,MH,bank_transfer
ord_100817,cust_1217,2026-01-22 09:14:11,cancelled,365.32,36.15,6.74,408.21,US,TX,apple_pay
ord_100818,cust_1380,2026-01-24 17:34:51,paid,38.27,1.59,9.1,48.96,GB,WA,apple_pay
ord_100819,cust_1036,2026-01-15 03:28:15,pending,215.16,24.6,6.44,246.2,US,CA,paypal
ord_100820,cust_1341,2026-01-28 22:40:44,pending,444.08,20.09,11.91,476.08,CA,BE,paypal
ord_100821,cust_1297,2026-01-14 16:10:29,refunded,223.54,24.93,17.61,266.08,DE,NY,card
ord_100822,cust_1452,2026-01-25 15:01:32,cancelled,469.22,23.73,7.13,500.08,US,TX,apple_pay
ord_100823,cust_1292,2026-01-28 23:00:33,paid,167.74,17.52,7.4,192.66,US,TX,paypal
ord_100824,cust_1432,2026-01-07 01:34:37,cancelled,132.19,10.99,2.9,146.08,DE,KA,card
ord_100825,cust_1165,2026-01-17 09:16:45,refunded,408.99,29.25,4.02,442.26,CA,BE,card
ord_100826,cust_1410,2026-01-17 10:19:40,refunded,190.85,22.74,9.05,222.64,CA,KA,bank_transfer
ord_100827,cust_1191,2026-01-09 16:30:17,refunded,169.39,7.1,7.59,184.08,DE,MH,paypal
ord_100828,cust_1205,2026-01-04 15:08:26,pending,190.64,11.11,5.59,207.34,IN,LDN,apple_pay
ord_100829,cust_1243,2026-01-09 20:36:23,cancelled,156.75,7.38,14.53,178.66,US,ON,bank_transfer
ord_100830,cust_1005,2026-01-06 18:48:37,refunded,263.39,30.49,17.92,311.8,GB,CA,card
ord_100831,cust_1437,2026-01-24 11:03:08,refunded,30.2,1.72,9.95,41.87,CA,TX,apple_pay
ord_100832,cust_1069,2026-01-06 06:50:16,pending,34.85,3.65,2.5,41,FR,TX,card
ord_100833,cust_1511,2026-01-10 22:35:37,pending,12.16,1.22,12.4,25.78,US,BE,bank_transfer
ord_100834,cust_1265,2026-01-02 18:02:26,refunded,213.1,20.46,14.31,247.87,GB,ON,paypal
ord_100835,cust_1102,2025-12-29 14:40:38,refunded,178.19,8.82,6.27,193.28,US,BE,paypal
ord_100836,cust_1093,2026-01-04 15:18:35,refunded,27.57,2.26,7.44,37.27,DE,MH,bank_transfer
ord_100837,cust_1377,2026-01-08 06:29:09,refunded,422.42,26.95,2.25,451.62,US,BE,bank_transfer
ord_100838,cust_1387,2025-12-28 14:16:44,paid,228.57,21.46,8.93,258.96,DE,ON,bank_transfer
ord_100839,cust_1508,2026-01-02 19:00:11,cancelled,289.96,34.23,8.71,332.9,IN,BE,card
ord_100840,cust_1417,2026-01-05 04:53:45,paid,103.61,6.78,14.47,124.86,GB,NY,apple_pay
ord_100841,cust_1349,2026-02-05 08:36:27,cancelled,166.14,7.02,14.28,187.44,US,MH,paypal
ord_100842,cust_1302,2025-12-25 21:37:19,cancelled,206.45,9.39,6.85,222.69,FR,KA,paypal
ord_100843,cust_1074,2025-12-27 04:29:13,refunded,382.62,28.93,12.76,424.31,IN,BE,card
ord_100844,cust_1387,2026-01-09 09:47:49,pending,86.66,8.9,2.21,97.77,US,MH,bank_transfer
ord_100845,cust_1070,2026-01-29 18:48:16,cancelled,378.34,42.79,3.22,424.35,US,CA,bank_transfer
ord_100846,cust_1285,2026-01-30 04:10:40,cancelled,383.94,36.79,4.01,424.74,GB,ON,paypal
ord_100847,cust_1039,2026-01-07 09:19:04,cancelled,337.71,34.88,1.49,374.08,DE,WA,bank_transfer
ord_100848,cust_1323,2026-01-15 08:22:43,paid,403.84,18.79,5.03,427.66,FR,TX,card
ord_100849,cust_1030,2026-01-01 08:59:41,pending,156.36,11.31,3.84,171.51,FR,CA,apple_pay
ord_100850,cust_1163,2026-02-01 18:18:34,paid,152.5,10.32,3.25,166.07,FR,LDN,bank_transfer
ord_100851,cust_1039,2025-12-29 09:47:56,pending,477.9,30.35,16.45,524.7,DE,WA,paypal
ord_100852,cust_1174,2026-02-05 19:12:14,pending,19.38,1.86,3.84,25.08,IN,WA,paypal
ord_100853,cust_1104,2026-01-23 13:07:02,paid,192.23,15.37,13.36,220.96,DE,WA,apple_pay
ord_100854,cust_1188,2026-02-01 03:34:46,cancelled,201.87,20.38,11.29,233.54,US,CA,bank_transfer
ord_100855,cust_1390,2026-01-20 22:18:46,paid,397.23,45.54,17.09,459.86,CA,NY,card
ord_100856,cust_1160,2025-12-26 09:12:28,refunded,250.84,16.67,12.4,279.91,FR,MH,paypal
ord_100857,cust_1500,2026-01-19 13:26:21,cancelled,310.04,28.3,1.46,339.8,FR,LDN,card
ord_100858,cust_1096,2025-12-26 23:19:19,refunded,270.52,15.54,6.42,292.48,DE,NY,card
ord_100859,cust_1261,2026-01-25 08:22:24,cancelled,37.4,3.3,9.32,50.02,FR,WA,apple_pay
ord_100860,cust_1435,2026-01-26 22:56:25,paid,322.59,19.78,17.61,359.98,DE,MH,card
ord_100861,cust_1041,2025-12-31 10:24:37,refunded,70.24,5.8,17.41,93.45,DE,ON,paypal
ord_100862,cust_1045,2026-02-02 15:37:17,cancelled,288.36,26.19,9.98,324.53,GB,MH,paypal
ord_100863,cust_1319,2026-01-21 12:45:02,refunded,487.6,51.97,16.38,555.95,US,WA,paypal
ord_100864,cust_1106,2026-01-02 13:36:15,paid,163.02,11.21,9.8,184.03,FR,KA,paypal
ord_100865,cust_1179,2026-01-06 00:13:05,refunded,235.31,23.36,9.37,268.04,CA,ON,card
ord_100866,cust_1135,2026-01-13 11:22:58,cancelled,35.59,3.68,8.07,47.34,US,MH,paypal
ord_100867,cust_1055,2026-01-01 17:41:40,pending,372.12,21.91,12.19,406.22,DE,WA,paypal
ord_100868,cust_1445,2026-01-29 01:03:07,refunded,168.76,14.39,4.5,187.65,DE,WA,card
ord_100869,cust_1027,2026-01-18 13:35:38,paid,23.82,2.39,8.5,34.71,CA,KA,card
ord_100870,cust_1016,2026-01-10 21:46:05,cancelled,146.22,8.43,6.42,161.07,GB,WA,paypal
ord_100871,cust_1252,2026-01-22 09:19:52,paid,321.22,22.49,16.33,360.04,IN,ON,card
ord_100872,cust_1534,2026-01-27 14:42:17,refunded,154.11,13.23,1.14,168.48,US,MH,bank_transfer
ord_100873,cust_1237,2025-12-29 10:46:02,pending,337.08,25.41,9.12,371.61,IN,TX,apple_pay
ord_100874,cust_1480,2026-01-23 20:01:05,cancelled,132.3,8.64,4.42,145.36,GB,ON,card
ord_100875,cust_1426,2026-01-17 07:47:49,pending,436.8,24.29,3.78,464.87,IN,TX,apple_pay
ord_100876,cust_1155,2026-01-08 01:33:25,cancelled,486.23,49.39,11.15,546.77,IN,KA,bank_transfer
ord_100877,cust_1342,2025-12-28 18:54:23,paid,214.54,18.91,10.85,244.3,CA,TX,bank_transfer
ord_100878,cust_1371,2026-01-16 22:35:50,pending,480.91,50.35,3.94,535.2,GB,CA,apple_pay
ord_100879,cust_1505,2026-02-02 22:04:28,cancelled,72.02,3.08,3.49,78.59,FR,MH,bank_transfer
ord_100880,cust_1489,2026-01-24 12:58:21,cancelled,286.32,28.52,11.89,326.73,CA,LDN,bank_transfer
ord_100881,cust_1299,2026-02-06 20:11:47,cancelled,420.52,35.57,4.03,460.12,IN,MH,bank_transfer
ord_100882,cust_1035,2026-01-23 04:40:49,pending,171.27,13.01,16.43,200.71,US,BE,bank_transfer
ord_100883,cust_1080,2026-01-23 10:11:43,paid,53.44,2.77,4.65,60.86,DE,WA,apple_pay
ord_100884,cust_1513,2026-02-06 21:38:04,paid,165.52,13.07,5.26,183.85,DE,LDN,card
ord_100885,cust_1192,2026-01-21 15:18:48,cancelled,446.54,35.3,5.25,487.09,IN,MH,apple_pay
ord_100886,cust_1290,2026-02-03 00:50:04,pending,328.56,27.74,4.59,360.89,CA,CA,card
ord_100887,cust_1348,2026-02-02 19:54:50,pending,265.85,29.79,2.58,298.22,IN,ON,paypal
ord_100888,cust_1521,2026-01-01 04:18:36,refunded,108.64,8.03,10.73,127.4,FR,CA,bank_transfer
ord_100889,cust_1060,2026-01-23 15:33:19,pending,461.33,25.27,17.27,503.87,FR,NY,paypal
ord_100890,cust_1312,2026-01-28 20:59:36,refunded,400.75,30.83,4.02,435.6,CA,KA,card
ord_100891,cust_1449,2025-12-25 02:02:26,pending,276.13,27.65,1.63,305.41,FR,TX,card
ord_100892,cust_1022,2026-01-28 22:32:21,refunded,404.61,23.4,10.27,438.28,CA,WA,bank_transfer
ord_100893,cust_1082,2025-12-25 22:56:57,cancelled,249.76,17.55,2.7,270.01,US,LDN,bank_transfer
ord_100894,cust_1308,2026-01-11 13:16:16,cancelled,109.6,9.83,12.36,131.79,CA,LDN,card
ord_100895,cust_1400,2026-01-15 05:30:35,paid,59.37,2.48,13.27,75.12,US,ON,apple_pay
ord_100896,cust_1269,2026-02-06 08:37:49,paid,490.69,22.24,5.44,518.37,FR,KA,apple_pay
ord_100897,cust_1379,2026-01-02 02:13:15,refunded,36.21,3.86,0.37,40.44,DE,BE,card
ord_100898,cust_1277,2026-01-10 06:03:47,cancelled,252.14,23.27,4.6,280.01,DE,MH,apple_pay
ord_100899,cust_1149,2026-02-04 15:45:18,paid,490.59,55.11,11.22,556.92,GB,WA,paypal
ord_100900,cust_1364,2026-01-20 10:04:16,paid,108.01,8.03,4.27,120.31,DE,KA,bank_transfer
ord_100901,cust_1322,2025-12-30 02:17:16,paid,340.9,19.6,6.87,367.37,DE,WA,apple_pay
ord_100902,cust_1531,2026-01-03 22:47:05,pending,139.41,9.51,9.02,157.94,CA,WA,card
ord_100903,cust_1209,2026-02-03 14:59:34,pending,206.48,21.24,13.44,241.16,CA,BE,apple_pay
ord_100904,cust_1171,2026-01-28 11:30:12,cancelled,34.03,3.13,2.74,39.9,IN,LDN,apple_pay
ord_100905,cust_1135,2026-01-23 12:12:59,refunded,231.19,25.5,10.99,267.68,DE,LDN,bank_transfer
ord_100906,cust_1295,2026-01-21 06:49:11,paid,274.45,28.87,11.61,314.93,GB,WA,bank_transfer
ord_100907,cust_1089,2026-01-20 23:25:19,paid,54.94,2.27,15.8,73.01,GB,CA,bank_transfer
ord_100908,cust_1022,2026-01-13 02:17:48,cancelled,461.17,43.45,8.84,513.46,US,KA,bank_transfer
ord_100909,cust_1406,2025-12-24 04:21:45,refunded,76.81,7.74,15.07,99.62,DE,BE,bank_transfer
ord_100910,cust_1057,2026-01-23 09:23:14,paid,314.31,24,13.68,351.99,CA,KA,bank_transfer
ord_100911,cust_1150,2026-02-03 17:09:55,cancelled,71.21,3.9,0.22,75.33,GB,KA,bank_transfer
ord_100912,cust_1174,2025-12-28 17:44:33,refunded,160.26,10.41,2,172.67,IN,TX,paypal
ord_100913,cust_1325,2025-12-24 18:35:41,pending,233.96,12.43,9.28,255.67,CA,ON,paypal
ord_100914,cust_1451,2026-01-16 23:12:59,paid,283.7,28.31,3.94,315.95,CA,BE,paypal
ord_100915,cust_1320,2026-01-06 09:58:56,paid,261.49,21.93,1.18,284.6,CA,BE,apple_pay
ord_100916,cust_1071,2026-01-26 09:21:28,refunded,241.56,21.05,0.8,263.41,GB,ON,card
ord_100917,cust_1363,2026-02-03 22:17:07,paid,320.04,31.54,12.27,363.85,GB,CA,apple_pay
ord_100918,cust_1280,2026-02-01 15:56:18,pending,277.17,14.88,6.09,298.14,GB,ON,bank_transfer
ord_100919,cust_1410,2026-01-22 11:40:39,refunded,392.73,41.17,4.8,438.7,US,KA,apple_pay
ord_100920,cust_1082,2026-01-29 05:36:45,cancelled,461.28,48.19,11.43,520.9,US,TX,bank_transfer
ord_100921,cust_1276,2026-01-27 07:03:36,pending,375.51,25.99,8.76,410.26,GB,MH,apple_pay
ord_100922,cust_1340,2025-12-29 23:37:54,cancelled,252.37,11.17,17.72,281.26,DE,MH,card
ord_100923,cust_1515,2026-01-28 06:17:44,paid,164.83,10.78,16.85,192.46,FR,CA,paypal
ord_100924,cust_1162,2026-01-14 14:21:05,pending,271.35,25.68,17.02,314.05,CA,NY,apple_pay
ord_100925,cust_1439,2026-01-31 06:04:10,pending,163.25,15.55,8.53,187.33,GB,ON,apple_pay
ord_100926,cust_1016,2026-01-13 06:03:48,pending,187.7,14.21,0.77,202.68,GB,CA,card
ord_100927,cust_1398,2025-12-31 07:55:49,paid,386.77,35.25,3.76,425.78,US,TX,card
ord_100928,cust_1478,2026-01-22 01:47:38,paid,150.71,8.24,17.8,176.75,IN,MH,bank_transfer
ord_100929,cust_1517,2026-01-13 18:09:32,paid,458.01,52.61,10.78,521.4,US,MH,paypal
ord_100930,cust_1391,2026-01-08 18:42:44,refunded,28.12,2.15,2.15,32.42,GB,CA,paypal
ord_100931,cust_1018,2026-01-25 15:40:29,pending,231.82,21.31,17.2,270.33,DE,WA,apple_pay
ord_100932,cust_1157,2026-01-13 20:04:23,paid,95.77,5.7,6.8,108.27,CA,MH,card
ord_100933,cust_1397,2026-01-04 01:21:48,refunded,391.51,22.55,10.51,424.57,CA,KA,paypal
ord_100934,cust_1138,2025-12-29 00:43:24,pending,264.47,28.63,15.08,308.18,IN,ON,apple_pay
ord_100935,cust_1111,2026-01-16 09:51:06,paid,462.3,50.53,16.75,529.58,US,MH,card
ord_100936,cust_1492,2026-01-22 02:19:56,pending,38.9,4.56,1.06,44.52,GB,CA,paypal
ord_100937,cust_1142,2026-01-28 02:36:43,paid,407.51,16.45,3.81,427.77,CA,KA,apple_pay
ord_100938,cust_1261,2026-01-02 19:47:31,paid,80.41,3.47,4.87,88.75,IN,BE,bank_transfer
ord_100939,cust_1170,2026-01-14 17:09:36,cancelled,439.34,41.06,7.2,487.6,DE,WA,bank_transfer
ord_100940,cust_1176,2026-01-26 01:47:08,cancelled,362.06,37.48,16.32,415.86,DE,TX,bank_transfer
ord_100941,cust_1532,2025-12-28 08:19:57,refunded,316.04,36.68,5.8,358.52,FR,KA,apple_pay
ord_100942,cust_1462,2026-01-28 13:35:16,pending,203.05,13.15,10.99,227.19,US,WA,paypal
ord_100943,cust_1217,2025-12-24 13:12:05,paid,60.73,6.38,4.43,71.54,IN,LDN,card
ord_100944,cust_1539,2026-01-31 00:01:47,refunded,483.22,45.01,4.21,532.44,GB,ON,paypal
ord_100945,cust_1018,2026-01-04 08:18:13,cancelled,209.49,11.81,6.68,227.98,DE,MH,card
ord_100946,cust_1080,2026-02-04 03:12:47,pending,162.49,16.48,6.42,185.39,IN,NY,bank_transfer
ord_100947,cust_1497,2026-01-10 02:55:14,refunded,150.59,8.06,17.23,175.88,FR,CA,apple_pay
ord_100948,cust_1221,2026-01-15 00:32:15,cancelled,177.04,7.77,10.84,195.65,FR,LDN,apple_pay
ord_100949,cust_1005,2026-02-07 00:23:01,paid,385.4,32.39,7.86,425.65,DE,LDN,paypal
ord_100950,cust_1308,2026-01-09 04:59:51,cancelled,404.55,28.77,15.61,448.93,DE,WA,bank_transfer
ord_100951,cust_1481,2026-02-01 13:36:48,pending,66.26,4.79,4.83,75.88,US,KA,bank_transfer
ord_100952,cust_1415,2026-01-01 09:27:58,paid,336.79,23.84,0.13,360.76,IN,KA,paypal
ord_100953,cust_1407,2026-01-24 12:37:09,cancelled,218.07,18.97,7.35,244.39,FR,MH,paypal
ord_100954,cust_1131,2026-01-10 07:45:41,pending,218.3,9.88,11.4,239.58,IN,KA,card
ord_100955,cust_1119,2026-01-03 06:45:32,cancelled,28.96,1.92,14.62,45.5,CA,MH,paypal
ord_100956,cust_1118,2025-12-29 19:40:18,pending,161.91,18.67,4.97,185.55,IN,NY,paypal
ord_100957,cust_1540,2026-01-25 01:42:51,pending,463.21,44.82,9.47,517.5,DE,KA,card
ord_100958,cust_1515,2026-02-05 13:37:01,paid,427.19,18.89,1.13,447.21,IN,NY,bank_transfer
ord_100959,cust_1158,2026-02-06 10:56:18,refunded,215.46,21.65,10.63,247.74,CA,CA,paypal
ord_100960,cust_1309,2026-01-07 05:46:27,cancelled,132.82,11.15,16.83,160.8,US,ON,apple_pay
ord_100961,cust_1522,2026-01-25 11:45:14,pending,231.32,10.64,16.37,258.33,DE,NY,paypal
ord_100962,cust_1114,2026-01-17 08:00:20,paid,260.01,18.68,2.76,281.45,GB,TX,bank_transfer
ord_100963,cust_1306,2026-02-01 20:17:27,refunded,270.01,27.37,6.32,303.7,IN,LDN,card
ord_100964,cust_1071,2025-12-26 07:23:22,refunded,109.65,11.23,7.09,127.97,CA,LDN,apple_pay
ord_100965,cust_1260,2026-01-05 03:51:39,cancelled,386.47,23.58,6.09,416.14,GB,WA,apple_pay
ord_100966,cust_1528,2026-01-25 15:25:45,cancelled,291.16,31.4,9.85,332.41,FR,WA,apple_pay
ord_100967,cust_1328,2026-02-01 18:02:03,cancelled,99.47,10.01,5.67,115.15,IN,MH,card
ord_100968,cust_1521,2026-01-07 00:44:35,cancelled,481.54,31.71,14.94,528.19,GB,MH,apple_pay
ord_100969,cust_1076,2025-12-29 13:02:54,pending,494.63,32.01,1.8,528.44,FR,CA,paypal
ord_100970,cust_1086,2026-01-26 10:29:25,paid,150.7,6.93,7.3,164.93,FR,NY,apple_pay
ord_100971,cust_1372,2026-01-01 04:23:51,cancelled,316.43,31.97,14.11,362.51,FR,KA,bank_transfer
ord_100972,cust_1166,2026-02-01 11:17:28,paid,106.4,10.69,6.54,123.63,GB,MH,paypal
ord_100973,cust_1256,2026-01-26 16:49:18,cancelled,33.59,2.44,0.3,36.33,FR,BE,apple_pay
ord_100974,cust_1537,2026-01-27 05:48:40,refunded,481.98,29.25,11.48,522.71,CA,LDN,bank_transfer
ord_100975,cust_1456,2026-02-04 11:53:59,cancelled,356.04,23.49,5.14,384.67,US,KA,apple_pay
ord_100976,cust_1512,2026-01-09 00:17:38,cancelled,230.7,19.44,15.74,265.88,IN,MH,card
ord_100977,cust_1059,2026-01-02 20:08:16,cancelled,348.68,34.96,6.09,389.73,CA,NY,card
ord_100978,cust_1216,2026-01-31 19:01:32,paid,454.22,35.56,14.14,503.92,DE,ON,paypal
ord_100979,cust_1141,2025-12-24 18:44:51,cancelled,315.24,17.03,12.39,344.66,DE,LDN,paypal
ord_100980,cust_1105,2026-01-17 06:04:47,pending,436.49,35.78,0.03,472.3,US,NY,bank_transfer
ord_100981,cust_1258,2026-01-07 16:34:35,cancelled,110.51,6.65,4.37,121.53,FR,ON,apple_pay
ord_100982,cust_1502,2026-01-04 00:30:17,refunded,222.81,11.26,11.24,245.31,US,ON,card
ord_100983,cust_1446,2026-01-02 13:22:11,pending,476.89,50.11,14.3,541.3,FR,ON,bank_transfer
ord_100984,cust_1051,2026-02-04 19:06:08,refunded,287.18,30.98,13.39,331.55,DE,ON,card
ord_100985,cust_1325,2026-01-26 14:03:23,paid,277.12,29.57,4.15,310.84,GB,BE,card
ord_100986,cust_1208,2026-01-06 20:59:14,refunded,466.81,52.82,16.12,535.75,CA,CA,bank_transfer
ord_100987,cust_1172,2026-01-15 23:03:33,pending,116.75,12.14,15.14,144.03,US,LDN,paypal
ord_100988,cust_1283,2026-01-29 15:05:28,paid,362.88,43.16,9.5,415.54,US,ON,paypal
ord_100989,cust_1311,2026-02-03 11:47:29,pending,325.35,18.8,7.01,351.16,FR,MH,card
ord_100990,cust_1267,2026-01-01 23:34:15,paid,249.22,11.35,14.34,274.91,FR,LDN,apple_pay
ord_100991,cust_1474,2025-12-24 06:20:13,cancelled,406.14,32.78,12.3,451.22,DE,KA,paypal
ord_100992,cust_1019,2026-02-03 17:14:03,pending,93.14,10.93,10.83,114.9,DE,MH,card
ord_100993,cust_1217,2026-01-05 09:09:55,pending,318.52,21.27,16.57,356.36,GB,LDN,card
ord_100994,cust_1467,2026-01-26 02:47:51,refunded,338.85,38.71,15.11,392.67,DE,TX,bank_transfer
ord_100995,cust_1081,2026-02-05 03:41:02,cancelled,137.49,12.67,7.02,157.18,CA,WA,apple_pay
ord_100996,cust_1455,2026-01-18 04:15:57,cancelled,218.27,21.37,7.62,247.26,US,KA,paypal
ord_100997,cust_1057,2026-01-17 17:37:35,refunded,52.34,4.42,15.92,72.68,IN,CA,apple_pay
ord_100998,cust_1436,2026-01-07 05:53:28,refunded,247.41,19.81,4.41,271.63,DE,LDN,bank_transfer
ord_100999,cust_1120,2026-01-17 13:03:09,cancelled,205.87,11.56,5.12,222.55,CA,BE,apple_pay
ord_101000,cust_1378,2025-12-31 21:34:55,pending,297.24,29.66,13.14,340.04,IN,MH,apple_pay
ord_101001,cust_1291,2026-02-01 06:04:28,paid,127.51,11.87,7.35,146.73,CA,NY,card
ord_101002,cust_1472,2026-02-06 14:35:58,cancelled,481.17,33.69,7.18,522.04,GB,MH,card
ord_101003,cust_1442,2026-01-01 22:52:01,cancelled,449.27,19.04,17.37,485.68,US,ON,bank_transfer
ord_101004,cust_1030,2026-02-06 10:20:35,cancelled,52.19,2.51,10.45,65.15,CA,WA,apple_pay
ord_101005,cust_1419,2026-01-09 06:05:43,paid,16,0.96,17.09,34.05,GB,CA,card
ord_101006,cust_1300,2026-01-04 06:16:23,cancelled,164.76,8.97,10.4,184.13,IN,LDN,apple_pay
ord_101007,cust_1261,2026-01-02 23:30:37,pending,233.56,15.77,3.24,252.57,DE,MH,apple_pay
ord_101008,cust_1219,2025-12-26 16:40:20,paid,84.96,5.51,13.96,104.43,CA,BE,apple_pay
ord_101009,cust_1252,2026-01-26 17:35:13,pending,159.69,12.57,11.58,183.84,US,MH,bank_transfer
ord_101010,cust_1209,2025-12-27 14:20:36,paid,334.91,16.91,10.58,362.4,DE,WA,bank_transfer
ord_101011,cust_1507,2026-01-16 22:43:04,refunded,161.39,15.53,3.15,180.07,CA,BE,apple_pay
ord_101012,cust_1317,2026-01-20 06:09:42,refunded,281.47,22.56,2.52,306.55,IN,WA,paypal
ord_101013,cust_1496,2026-02-02 09:17:57,cancelled,79.02,4.17,14.42,97.61,DE,LDN,bank_transfer
ord_101014,cust_1445,2026-01-23 02:33:30,cancelled,121.98,5.72,10.03,137.73,IN,ON,bank_transfer
ord_101015,cust_1519,2026-01-29 19:02:51,pending,422.13,20.74,6.74,449.61,CA,KA,bank_transfer
ord_101016,cust_1180,2026-01-06 13:28:31,cancelled,409.83,20.9,14.94,445.67,CA,NY,paypal
ord_101017,cust_1289,2025-12-26 18:15:26,refunded,16.37,1.74,2.19,20.3,DE,MH,apple_pay
ord_101018,cust_1318,2026-01-23 02:21:53,refunded,121.26,5.51,2.6,129.37,IN,CA,bank_transfer
ord_101019,cust_1134,2026-01-18 02:19:34,refunded,338.67,30.9,0.65,370.22,GB,BE,apple_pay
ord_101020,cust_1542,2025-12-24 22:57:09,pending,475.53,26.73,16.53,518.79,IN,ON,bank_transfer
ord_101021,cust_1504,2026-01-16 14:54:06,pending,237.69,23.87,11.43,272.99,US,MH,bank_transfer
ord_101022,cust_1078,2026-01-11 06:34:43,refunded,165.48,11.14,2.89,179.51,DE,NY,paypal
ord_101023,cust_1058,2026-01-20 10:58:13,pending,164.81,10.06,8.35,183.22,GB,CA,apple_pay
ord_101024,cust_1156,2026-01-09 09:39:25,paid,166.83,18.13,9.88,194.84,DE,NY,card
ord_101025,cust_1529,2026-02-04 21:32:33,paid,52.57,3.39,15.58,71.54,FR,ON,bank_transfer
ord_101026,cust_1250,2025-12-25 15:11:05,paid,447.01,22.91,13.5,483.42,US,KA,bank_transfer
ord_101027,cust_1020,2026-01-02 20:21:55,cancelled,399.09,23.86,15.86,438.81,US,MH,apple_pay
ord_101028,cust_1314,2026-01-04 20:44:55,paid,177.48,13.6,7.17,198.25,GB,KA,paypal
ord_101029,cust_1040,2026-02-03 21:49:10,pending,436.89,51.31,9.59,497.79,FR,ON,bank_transfer
ord_101030,cust_1410,2026-01-13 19:42:16,paid,384.6,31.18,16.13,431.91,US,TX,card
ord_101031,cust_1334,2026-01-08 21:51:40,paid,402.81,20.92,7.77,431.5,FR,LDN,bank_transfer
ord_101032,cust_1259,2026-02-04 11:08:26,pending,219.78,12.1,6.58,238.46,GB,TX,apple_pay
ord_101033,cust_1154,2026-02-01 14:34:56,paid,280.4,12.67,10.54,303.61,GB,KA,card
ord_101034,cust_1180,2026-01-02 22:36:48,paid,102.16,4.55,15.22,121.93,CA,NY,bank_transfer
ord_101035,cust_1299,2026-01-15 19:25:38,pending,446.59,28.39,3.27,478.25,CA,CA,paypal
ord_101036,cust_1196,2026-01-29 08:57:36,cancelled,399.83,46.87,11.48,458.18,DE,ON,card
ord_101037,cust_1274,2026-02-03 09:23:40,cancelled,305.47,18.51,17.22,341.2,GB,CA,paypal
ord_101038,cust_1146,2025-12-26 14:51:55,paid,345.74,39.29,0.72,385.75,CA,MH,paypal
ord_101039,cust_1541,2026-01-22 03:02:08,paid,402.22,42.72,12.78,457.72,CA,MH,bank_transfer
ord_101040,cust_1097,2025-12-31 18:06:14,refunded,432.78,25.09,3.4,461.27,DE,KA,bank_transfer
ord_101041,cust_1406,2026-02-02 16:48:04,refunded,31.4,2.6,16.84,50.84,DE,KA,apple_pay
ord_101042,cust_1114,2025-12-31 07:21:23,paid,396.56,34.59,0.14,431.29,US,BE,apple_pay
ord_101043,cust_1433,2025-12-30 13:03:52,cancelled,357.86,23.71,0.58,382.15,CA,MH,paypal
ord_101044,cust_1506,2026-01-20 06:00:50,paid,397,29.49,5.7,432.19,IN,NY,paypal
ord_101045,cust_1451,2026-01-01 14:25:54,paid,64.52,2.92,11.01,78.45,FR,MH,bank_transfer
ord_101046,cust_1403,2026-02-06 03:22:41,paid,110.39,8.1,2.25,120.74,CA,BE,card
ord_101047,cust_1511,2026-01-03 06:40:36,paid,20.34,1.68,14.94,36.96,US,TX,apple_pay
ord_101048,cust_1460,2026-01-12 14:13:32,cancelled,262.92,21.1,13.34,297.36,IN,BE,paypal
ord_101049,cust_1530,2026-01-02 20:14:04,paid,491.72,40.97,17.09,549.78,FR,NY,paypal
ord_101050,cust_1235,2026-01-10 03:19:46,pending,62.44,5.49,1.39,69.32,GB,CA,paypal
ord_101051,cust_1319,2025-12-29 12:54:00,refunded,288.63,33.25,15.07,336.95,US,CA,paypal
ord_101052,cust_1073,2026-01-15 02:40:54,refunded,199.35,19.5,12.62,231.47,FR,TX,card
ord_101053,cust_1338,2026-02-02 17:07:42,cancelled,496.96,34.03,7.07,538.06,CA,TX,apple_pay
ord_101054,cust_1099,2026-01-15 01:16:06,cancelled,237.54,19.26,5.18,261.98,US,NY,card
ord_101055,cust_1363,2026-01-27 11:23:19,paid,107.33,8.98,1.43,117.74,US,TX,bank_transfer
ord_101056,cust_1048,2025-12-31 15:16:35,refunded,495.93,25.2,8.11,529.24,GB,BE,paypal
ord_101057,cust_1291,2026-01-16 22:34:18,pending,315.41,24.06,16.17,355.64,CA,WA,paypal
ord_101058,cust_1196,2025-12-31 12:33:23,cancelled,288.86,22.12,17.06,328.04,DE,WA,bank_transfer
ord_101059,cust_1270,2026-01-09 17:16:11,cancelled,495.45,30.02,9.66,535.13,GB,NY,bank_transfer
ord_101060,cust_1033,2026-02-07 01:15:04,paid,139.06,15.03,15.93,170.02,US,BE,apple_pay
ord_101061,cust_1536,2026-02-04 12:01:47,cancelled,40.48,2.84,15.89,59.21,FR,MH,apple_pay
ord_101062,cust_1284,2026-01-09 03:58:51,pending,292.92,33.23,14.82,340.97,GB,LDN,paypal
ord_101063,cust_1118,2025-12-27 08:18:40,cancelled,422.64,34.38,10.36,467.38,FR,WA,card
ord_101064,cust_1073,2026-01-14 03:44:13,cancelled,320.65,20.66,14.79,356.1,US,TX,paypal
ord_101065,cust_1347,2026-01-26 10:31:53,cancelled,277.7,20.69,16.47,314.86,US,KA,bank_transfer
ord_101066,cust_1453,2026-01-09 00:54:19,pending,354.51,32.84,15.84,403.19,DE,MH,card
ord_101067,cust_1293,2026-01-19 11:02:06,paid,418.31,24.29,16.94,459.54,GB,WA,apple_pay
ord_101068,cust_1468,2026-02-03 07:36:29,cancelled,416.06,20.73,6.71,443.5,GB,BE,paypal
ord_101069,cust_1189,2026-01-25 00:58:23,cancelled,324.16,34.23,13,371.39,US,NY,paypal
ord_101070,cust_1400,2026-01-04 22:21:18,cancelled,158.26,12.93,3.4,174.59,FR,WA,apple_pay
ord_101071,cust_1465,2026-01-13 05:13:04,pending,241.59,13.18,4.94,259.71,DE,BE,card
ord_101072,cust_1464,2026-01-31 10:55:48,paid,261.33,11.32,17.4,290.05,US,CA,apple_pay
ord_101073,cust_1255,2026-01-25 19:12:39,cancelled,442.72,27.64,14.02,484.38,DE,NY,bank_transfer
ord_101074,cust_1365,2025-12-24 05:56:06,paid,262.61,30.71,6.52,299.84,FR,KA,apple_pay
ord_101075,cust_1105,2026-01-23 21:55:39,pending,55.35,5.13,7.26,67.74,IN,NY,apple_pay
ord_101076,cust_1518,2026-02-03 23:40:02,refunded,116.76,9.24,11.76,137.76,CA,WA,paypal
ord_101077,cust_1318,2026-02-01 20:34:09,paid,241.65,10.05,14.79,266.49,IN,LDN,paypal
ord_101078,cust_1517,2026-01-22 01:43:16,pending,194.11,21.13,2.53,217.77,IN,NY,card
ord_101079,cust_1165,2026-01-17 18:01:49,pending,270.82,15.28,15,301.1,IN,ON,card
ord_101080,cust_1544,2026-02-03 20:39:11,refunded,247.35,17.34,6.37,271.06,GB,BE,apple_pay
ord_101081,cust_1119,2026-01-21 13:58:59,pending,182.57,19.12,14.94,216.63,DE,ON,card
ord_101082,cust_1243,2025-12-24 17:43:43,pending,465.38,38.46,9.19,513.03,DE,TX,bank_transfer
ord_101083,cust_1141,2026-01-28 00:54:25,pending,274.83,30.85,2.92,308.6,GB,WA,bank_transfer
ord_101084,cust_1512,2025-12-31 04:39:26,cancelled,164.87,16.74,15.53,197.14,FR,LDN,apple_pay
ord_101085,cust_1040,2026-02-03 03:54:47,pending,421.78,41.59,0.71,464.08,CA,MH,apple_pay
ord_101086,cust_1059,2026-01-09 11:21:58,cancelled,347.62,20.63,17.13,385.38,GB,BE,card
ord_101087,cust_1450,2026-01-23 13:20:10,refunded,255.43,14.36,7.55,277.34,CA,ON,bank_transfer
ord_101088,cust_1062,2026-01-12 21:12:08,cancelled,466.02,53.14,8.96,528.12,US,ON,card
ord_101089,cust_1291,2026-01-26 22:47:20,pending,269.93,19.86,0.5,290.29,GB,TX,card
ord_101090,cust_1496,2026-01-17 14:53:55,paid,283.16,22.19,3.2,308.55,IN,BE,bank_transfer
ord_101091,cust_1088,2026-01-13 07:29:42,pending,290.45,25.91,11.2,327.56,FR,NY,bank_transfer
ord_101092,cust_1132,2026-01-16 22:00:51,pending,215.68,23.88,16.65,256.21,US,LDN,bank_transfer
ord_101093,cust_1093,2025-12-25 06:05:58,cancelled,48.84,2.65,17.55,69.04,IN,BE,card
ord_101094,cust_1326,2026-01-23 17:41:48,pending,76.77,7.87,17.43,102.07,IN,MH,card
ord_101095,cust_1364,2026-01-16 08:55:11,cancelled,492.33,23.54,13.09,528.96,IN,BE,bank_transfer
ord_101096,cust_1157,2026-01-02 23:03:04,paid,464.03,34.29,4.82,503.14,DE,KA,apple_pay
ord_101097,cust_1352,2026-01-05 14:50:48,cancelled,255.99,20.57,13.38,289.94,FR,NY,card
ord_101098,cust_1117,2025-12-29 08:33:59,refunded,490.06,39.8,17.51,547.37,CA,CA,card
ord_101099,cust_1358,2026-01-08 17:02:38,refunded,263.93,20.11,8.61,292.65,DE,NY,bank_transfer
ord_101100,cust_1349,2026-01-11 22:24:45,paid,367.01,37.68,5.78,410.47,US,WA,apple_pay
ord_101101,cust_1366,2025-12-24 04:08:50,cancelled,477.83,49.75,13.86,541.44,FR,CA,apple_pay
ord_101102,cust_1469,2026-02-03 09:49:30,refunded,106.03,8.12,4.61,118.76,DE,TX,card
ord_101103,cust_1537,2026-01-08 08:27:57,paid,65.62,5.75,14.91,86.28,FR,MH,card
ord_101104,cust_1326,2026-02-05 00:16:25,paid,488.96,34.09,7.8,530.85,FR,TX,paypal
ord_101105,cust_1078,2025-12-30 19:20:46,refunded,348.85,14.75,7.75,371.35,DE,CA,bank_transfer
ord_101106,cust_1344,2025-12-30 21:23:16,pending,360.8,31.21,17.37,409.38,IN,MH,bank_transfer
ord_101107,cust_1351,2026-01-23 16:28:23,refunded,110.96,9.57,6.06,126.59,GB,MH,bank_transfer
ord_101108,cust_1261,2026-01-02 17:26:50,cancelled,292.78,22.55,17.46,332.79,FR,ON,paypal
ord_101109,cust_1030,2025-12-27 01:58:51,paid,346.2,17.05,11.6,374.85,US,WA,paypal
ord_101110,cust_1191,2026-01-18 09:50:26,paid,137.25,9.63,17.46,164.34,FR,WA,paypal
ord_101111,cust_1040,2026-01-07 12:34:30,refunded,163.6,19.34,8.64,191.58,DE,ON,bank_transfer
ord_101112,cust_1454,2026-01-16 21:14:40,paid,193.19,11.76,2.8,207.75,FR,ON,paypal
ord_101113,cust_1295,2025-12-31 00:48:03,paid,174.24,7.42,8.64,190.3,US,LDN,apple_pay
ord_101114,cust_1368,2026-01-13 12:18:31,paid,307.04,23.6,2.47,333.11,US,KA,apple_pay
ord_101115,cust_1136,2026-01-09 02:43:10,refunded,356.21,32.9,7.2,396.31,GB,KA,apple_pay
ord_101116,cust_1506,2026-01-23 20:14:53,pending,455.13,35.77,16.34,507.24,CA,TX,bank_transfer
ord_101117,cust_1191,2026-01-25 11:23:13,cancelled,129.59,10.97,17.29,157.85,FR,BE,apple_pay
ord_101118,cust_1066,2026-01-28 18:39:06,pending,260.81,23.02,8.5,292.33,GB,WA,bank_transfer
ord_101119,cust_1359,2026-01-05 02:49:19,paid,268.22,13.31,5.97,287.5,CA,TX,paypal
ord_101120,cust_1482,2026-01-03 16:27:40,paid,184.89,20.1,4.81,209.8,DE,TX,card
ord_101121,cust_1312,2026-01-28 14:07:47,paid,173.55,15.49,15.89,204.93,FR,KA,bank_transfer
ord_101122,cust_1344,2025-12-26 11:39:43,cancelled,211.74,8.93,4.56,225.23,GB,ON,bank_transfer
ord_101123,cust_1275,2026-01-25 11:27:14,pending,286.42,23.21,4.73,314.36,DE,NY,paypal
ord_101124,cust_1205,2026-01-31 12:53:49,paid,145.25,17.03,13.8,176.08,US,CA,card
ord_101125,cust_1312,2026-01-03 19:52:09,cancelled,395.89,17.54,0.87,414.3,DE,CA,card
ord_101126,cust_1516,2025-12-25 04:11:33,paid,177.98,11.73,15.42,205.13,GB,KA,bank_transfer
ord_101127,cust_1296,2025-12-26 04:01:40,refunded,18.2,2.03,10.05,30.28,GB,BE,bank_transfer
ord_101128,cust_1434,2026-02-06 22:58:33,pending,100.35,9.52,7.38,117.25,IN,WA,paypal
ord_101129,cust_1127,2025-12-28 20:06:15,refunded,125.72,7.58,3.61,136.91,GB,LDN,bank_transfer
ord_101130,cust_1166,2026-01-31 05:42:41,pending,346.77,27.9,0.78,375.45,DE,NY,paypal
ord_101131,cust_1306,2025-12-25 17:02:37,refunded,106.47,8.63,4.68,119.78,GB,CA,apple_pay
ord_101132,cust_1166,2026-01-02 22:01:29,paid,343.2,24.67,9.38,377.25,US,TX,paypal
ord_101133,cust_1209,2026-01-15 01:03:08,cancelled,37.54,2.03,5.7,45.27,DE,NY,card
ord_101134,cust_1386,2026-01-07 21:41:48,refunded,134.48,8.81,7.35,150.64,IN,LDN,paypal
ord_101135,cust_1271,2026-01-01 21:24:40,pending,394.18,46.43,9.77,450.38,US,WA,apple_pay
ord_101136,cust_1394,2026-01-24 07:35:58,paid,65.79,3.89,0.61,70.29,IN,KA,bank_transfer
ord_101137,cust_1386,2026-01-27 22:24:49,refunded,91.19,10.88,12.32,114.39,DE,WA,apple_pay
ord_101138,cust_1137,2026-01-25 09:06:18,cancelled,227.25,13.68,10.15,251.08,DE,WA,apple_pay
ord_101139,cust_1251,2026-01-18 23:01:52,paid,432.15,43.76,9.17,485.08,US,KA,paypal
ord_101140,cust_1418,2026-01-11 03:36:57,cancelled,56.81,6.24,7.12,70.17,DE,NY,paypal
ord_101141,cust_1035,2026-01-20 08:15:57,cancelled,274.17,31.6,16.02,321.79,CA,LDN,apple_pay
ord_101142,cust_1142,2026-01-22 20:46:32,cancelled,125.92,6.21,5.55,137.68,FR,NY,bank_transfer
ord_101143,cust_1144,2026-01-13 14:01:49,cancelled,424.62,49.51,5.39,479.52,CA,LDN,bank_transfer
ord_101144,cust_1535,2026-01-27 01:06:30,cancelled,367.03,25.14,13.81,405.98,DE,CA,paypal
ord_101145,cust_1103,2026-01-03 03:01:56,pending,282.87,24.2,17.3,324.37,FR,NY,apple_pay
ord_101146,cust_1520,2026-01-27 11:39:56,refunded,71.77,7.5,17.88,97.15,CA,ON,bank_transfer
ord_101147,cust_1183,2026-01-05 22:28:28,pending,171.77,19.43,0.89,192.09,IN,MH,apple_pay
ord_101148,cust_1446,2026-01-22 07:07:27,refunded,132.5,6.88,4.88,144.26,FR,NY,card
ord_101149,cust_1115,2026-01-23 21:53:58,pending,366.39,34.43,11.66,412.48,DE,NY,paypal
ord_101150,cust_1037,2026-01-31 12:21:44,cancelled,59.27,5.5,0.95,65.72,GB,LDN,bank_transfer
ord_101151,cust_1297,2026-01-18 21:48:22,pending,193.24,19.34,17.97,230.55,DE,MH,paypal
ord_101152,cust_1136,2026-01-24 12:27:12,cancelled,212.67,8.73,11.77,233.17,GB,BE,card
ord_101153,cust_1517,2026-01-02 07:43:06,pending,73.45,6.14,13.12,92.71,US,KA,bank_transfer
ord_101154,cust_1215,2026-01-03 14:14:14,pending,87.29,7.19,17.55,112.03,GB,KA,apple_pay
ord_101155,cust_1124,2026-01-22 10:18:17,refunded,21.46,2.51,3.35,27.32,CA,TX,card
ord_101156,cust_1546,2025-12-31 11:02:14,paid,488.84,25.71,12.66,527.21,CA,KA,apple_pay
ord_101157,cust_1401,2025-12-28 00:23:39,paid,287.72,14.07,11.72,313.51,US,KA,bank_transfer
ord_101158,cust_1470,2026-02-05 08:15:53,cancelled,124.17,9.74,14.43,148.34,US,LDN,apple_pay
ord_101159,cust_1002,2026-01-03 17:19:18,refunded,170.04,8.7,2.66,181.4,FR,KA,apple_pay
ord_101160,cust_1249,2026-01-12 21:33:28,cancelled,161.77,15.57,10.78,188.12,DE,ON,bank_transfer
ord_101161,cust_1212,2026-01-06 12:48:13,refunded,164.96,18.62,5.39,188.97,FR,WA,apple_pay
ord_101162,cust_1490,2026-02-03 14:05:50,pending,143.54,16.87,5.9,166.31,DE,CA,card
ord_101163,cust_1448,2025-12-24 12:12:15,paid,257.3,13.5,10.11,280.91,GB,CA,card
ord_101164,cust_1355,2026-01-16 08:40:34,refunded,444.32,25.69,14.2,484.21,DE,LDN,bank_transfer
ord_101165,cust_1386,2026-02-03 23:36:00,paid,455.96,21.48,15.2,492.64,US,BE,bank_transfer
ord_101166,cust_1507,2026-01-10 08:10:07,paid,382.37,34.29,5.84,422.5,IN,ON,paypal
ord_101167,cust_1330,2026-01-04 05:43:31,refunded,470.43,53.3,16.55,540.28,CA,ON,card
ord_101168,cust_1241,2026-01-17 15:03:01,cancelled,230.27,26.57,15.25,272.09,DE,WA,paypal
ord_101169,cust_1288,2026-02-06 23:17:09,paid,490.87,38.48,9.46,538.81,GB,NY,card
ord_101170,cust_1058,2026-02-06 23:35:13,refunded,461.27,31.14,15.33,507.74,CA,BE,paypal
ord_101171,cust_1262,2025-12-29 09:39:52,refunded,378,41.5,17.04,436.54,US,LDN,apple_pay
ord_101172,cust_1344,2025-12-30 00:15:15,pending,91.96,10.39,15.57,117.92,FR,CA,apple_pay
ord_101173,cust_1070,2026-01-09 22:14:17,paid,395.66,24.17,2.56,422.39,FR,WA,bank_transfer
ord_101174,cust_1154,2026-01-28 20:13:20,pending,330.57,16.15,10.56,357.28,DE,TX,bank_transfer
ord_101175,cust_1270,2026-01-24 00:47:34,paid,235.95,10.35,6.8,253.1,DE,CA,bank_transfer
ord_101176,cust_1273,2025-12-25 21:33:52,refunded,292.75,18.87,14.4,326.02,GB,MH,apple_pay
ord_101177,cust_1195,2026-01-13 10:07:15,paid,346.87,27,5.95,379.82,DE,KA,card
ord_101178,cust_1361,2025-12-30 11:49:17,paid,126.26,9.95,9.93,146.14,CA,WA,card
ord_101179,cust_1379,2026-01-04 20:44:03,cancelled,18.22,2.17,4.87,25.26,GB,MH,card
ord_101180,cust_1493,2026-01-02 21:54:35,cancelled,125.05,11.81,1.99,138.85,IN,CA,bank_transfer
ord_101181,cust_1258,2026-02-02 17:06:28,paid,314.09,35.5,2.71,352.3,FR,CA,bank_transfer
ord_101182,cust_1404,2026-01-20 14:53:30,cancelled,329.91,24.28,12.39,366.58,FR,WA,apple_pay
ord_101183,cust_1135,2026-01-07 03:45:47,paid,439.8,31.92,2.16,473.88,GB,KA,card
ord_101184,cust_1030,2026-01-06 19:49:21,refunded,319.31,33.74,8.13,361.18,US,MH,apple_pay
ord_101185,cust_1538,2026-01-09 08:48:04,pending,439.89,24.55,15.31,479.75,DE,WA,apple_pay
ord_101186,cust_1192,2025-12-25 03:40:35,paid,95.47,4.7,10.04,110.21,GB,MH,card
ord_101187,cust_1497,2026-01-06 21:18:10,cancelled,459.9,47.73,2.17,509.8,DE,TX,apple_pay
ord_101188,cust_1183,2026-01-01 10:29:37,cancelled,289.33,33.22,8.17,330.72,US,MH,bank_transfer
ord_101189,cust_1099,2026-02-05 07:07:37,cancelled,370.68,16.24,5.48,392.4,US,WA,card
ord_101190,cust_1461,2026-01-16 09:28:01,paid,302.15,12.49,17.69,332.33,FR,WA,apple_pay
ord_101191,cust_1247,2026-01-16 09:30:03,paid,460.83,46.24,10.46,517.53,FR,KA,card
ord_101192,cust_1092,2026-01-02 10:54:12,pending,357.77,28.91,4.54,391.22,FR,ON,apple_pay
ord_101193,cust_1109,2026-01-21 16:58:53,cancelled,71.05,4.52,6.27,81.84,DE,TX,bank_transfer
ord_101194,cust_1534,2026-02-04 14:37:31,paid,259.35,20.67,4.36,284.38,DE,BE,apple_pay
ord_101195,cust_1105,2025-12-27 16:28:10,pending,481.47,35.27,1.57,518.31,DE,WA,card
ord_101196,cust_1250,2026-01-10 15:36:25,cancelled,429.59,49.07,1.6,480.26,US,ON,bank_transfer
ord_101197,cust_1319,2026-01-25 11:47:12,cancelled,299.19,21.93,14.07,335.19,GB,NY,bank_transfer
ord_101198,cust_1254,2026-02-04 19:16:16,cancelled,434.77,20.36,13.87,469,DE,CA,paypal
ord_101199,cust_1083,2026-01-06 20:44:20,refunded,429.62,42.08,6.65,478.35,US,BE,apple_pay
ord_101200,cust_1185,2026-01-27 14:01:53,cancelled,308.35,19.3,12.92,340.57,FR,NY,apple_pay
ord_101201,cust_1362,2026-01-03 03:33:03,cancelled,460.08,24.53,3.9,488.51,CA,BE,card
ord_101202,cust_1510,2026-01-04 11:35:59,refunded,450.16,46.59,16.97,513.72,DE,MH,bank_transfer
ord_101203,cust_1137,2025-12-29 21:43:30,paid,283.24,17.3,8.78,309.32,US,BE,apple_pay
ord_101204,cust_1024,2025-12-25 12:00:12,pending,497.05,42.03,6.96,546.04,IN,NY,card
ord_101205,cust_1161,2026-01-04 06:43:50,paid,464.78,47.17,12.81,524.76,US,LDN,bank_transfer
ord_101206,cust_1086,2026-01-20 00:48:25,paid,290.53,26.47,14.51,331.51,IN,CA,bank_transfer
ord_101207,cust_1443,2026-01-22 10:52:54,cancelled,272.81,11.97,12.88,297.66,IN,KA,paypal
ord_101208,cust_1355,2026-01-23 11:58:00,paid,224.54,9.56,8.95,243.05,US,LDN,apple_pay
ord_101209,cust_1171,2026-01-25 21:47:20,pending,477.61,19.87,8.89,506.37,GB,WA,card
ord_101210,cust_1112,2026-01-19 16:09:37,pending,251.28,11.29,1.9,264.47,DE,MH,bank_transfer
ord_101211,cust_1276,2026-01-30 15:03:30,paid,189.26,9.19,0.02,198.47,GB,CA,bank_transfer
ord_101212,cust_1037,2026-01-02 18:26:28,cancelled,244.82,17.49,14.93,277.24,FR,BE,bank_transfer
ord_101213,cust_1150,2026-01-16 06:55:30,refunded,285.78,30.58,13.95,330.31,IN,MH,apple_pay
ord_101214,cust_1090,2026-01-31 12:15:07,pending,218.73,17.19,1.9,237.82,FR,CA,card
ord_101215,cust_1274,2026-02-06 01:41:13,paid,62.69,7.09,13.27,83.05,CA,WA,card
ord_101216,cust_1318,2026-01-15 19:21:50,refunded,330.65,31.71,7.76,370.12,FR,NY,apple_pay
ord_101217,cust_1459,2026-01-06 05:27:36,cancelled,335.67,33.75,6.3,375.72,CA,MH,paypal
ord_101218,cust_1351,2026-02-03 20:10:28,refunded,141.21,5.92,15.39,162.52,FR,WA,apple_pay
ord_101219,cust_1409,2026-02-06 02:38:10,pending,130.13,5.55,7.01,142.69,IN,KA,card
ord_101220,cust_1247,2025-12-30 14:29:34,paid,403.07,40.98,8.98,453.03,DE,NY,paypal
ord_101221,cust_1069,2026-01-12 02:18:32,paid,13.67,1.07,8.98,23.72,DE,WA,bank_transfer
ord_101222,cust_1181,2026-01-25 15:18:56,refunded,183.01,16.49,4.87,204.37,GB,ON,paypal
ord_101223,cust_1091,2026-02-06 21:20:29,refunded,462.86,23.16,11.73,497.75,CA,BE,apple_pay
ord_101224,cust_1287,2026-01-27 16:57:33,cancelled,430.01,38.36,0.99,469.36,CA,CA,paypal
ord_101225,cust_1406,2026-01-22 17:47:40,refunded,269.22,26.77,11.94,307.93,US,ON,apple_pay
ord_101226,cust_1424,2026-01-03 06:01:55,pending,437.54,37.25,1.53,476.32,US,BE,paypal
ord_101227,cust_1265,2026-01-02 09:37:40,pending,289.35,33.89,14.58,337.82,CA,TX,apple_pay
ord_101228,cust_1181,2026-01-24 18:26:55,cancelled,350.88,15.06,8.63,374.57,US,MH,paypal
ord_101229,cust_1301,2026-01-14 12:21:54,refunded,380.56,42.59,13.48,436.63,FR,TX,card
ord_101230,cust_1304,2026-01-25 08:40:49,paid,76.15,7.29,16.08,99.52,US,NY,bank_transfer
ord_101231,cust_1302,2026-01-17 07:48:08,paid,168.55,11.71,5.87,186.13,IN,CA,paypal
ord_101232,cust_1451,2026-01-08 11:01:55,cancelled,318.35,32.96,11.49,362.8,US,TX,apple_pay
ord_101233,cust_1072,2026-02-04 04:02:27,paid,235.17,19.97,5.44,260.58,GB,MH,bank_transfer
ord_101234,cust_1254,2026-02-01 13:47:45,pending,388.16,17.6,0.41,406.17,CA,MH,apple_pay
ord_101235,cust_1424,2026-02-05 05:13:43,refunded,449.71,47.75,4.21,501.67,DE,MH,apple_pay
ord_101236,cust_1114,2025-12-31 05:35:27,pending,236.7,27.48,10.69,274.87,GB,NY,card
ord_101237,cust_1495,2026-02-01 18:04:44,paid,85.97,9.99,5.79,101.75,US,CA,bank_transfer
ord_101238,cust_1356,2025-12-25 15:46:22,pending,56.2,3.09,3.74,63.03,DE,KA,bank_transfer
ord_101239,cust_1527,2025-12-30 23:26:49,pending,195.04,11.56,3.94,210.54,GB,WA,card
ord_101240,cust_1431,2026-01-31 07:30:39,pending,194.28,8.67,3.72,206.67,IN,CA,paypal
ord_101241,cust_1303,2025-12-28 06:52:33,paid,42.2,2.07,1.04,45.31,FR,WA,paypal
ord_101242,cust_1459,2026-01-04 15:22:30,refunded,444.49,24.52,7.05,476.06,GB,LDN,bank_transfer
ord_101243,cust_1066,2026-02-05 08:04:15,refunded,361.38,20.98,17.32,399.68,FR,LDN,bank_transfer
ord_101244,cust_1050,2026-02-03 15:37:40,cancelled,370.88,17.14,8.55,396.57,IN,WA,card
ord_101245,cust_1308,2025-12-24 03:55:15,cancelled,341.43,18.78,0.45,360.66,DE,CA,paypal
ord_101246,cust_1194,2026-02-06 00:33:31,cancelled,157.75,11.62,2.1,171.47,US,MH,paypal
ord_101247,cust_1177,2026-01-24 13:11:11,refunded,352.4,37.11,0.77,390.28,DE,WA,card
ord_101248,cust_1046,2025-12-31 11:29:10,paid,137.19,7.72,9.53,154.44,GB,NY,apple_pay
ord_101249,cust_1319,2026-01-15 16:01:51,pending,342.85,24.48,12.2,379.53,GB,TX,apple_pay
ord_101250,cust_1277,2025-12-24 10:42:06,paid,110.54,8.15,4.03,122.72,IN,MH,paypal
ord_101251,cust_1178,2025-12-25 12:40:04,cancelled,139.86,11.63,1.1,152.59,GB,WA,apple_pay
ord_101252,cust_1089,2026-01-10 06:07:19,cancelled,108.81,5.09,12,125.9,CA,WA,apple_pay
ord_101253,cust_1538,2026-01-05 19:24:56,pending,442.77,37.79,0.27,480.83,IN,CA,apple_pay
ord_101254,cust_1138,2026-02-02 19:55:30,paid,435.44,43.23,14.57,493.24,DE,KA,paypal
ord_101255,cust_1284,2026-01-01 15:45:04,paid,208.27,19.92,11.25,239.44,GB,WA,card
ord_101256,cust_1334,2026-02-01 15:38:14,refunded,274.31,30.15,5.92,310.38,GB,BE,card
ord_101257,cust_1193,2026-01-01 20:52:16,paid,291.5,27.94,6.2,325.64,CA,BE,apple_pay
ord_101258,cust_1408,2026-01-20 13:00:09,cancelled,264.68,28.23,3.46,296.37,GB,WA,card
ord_101259,cust_1391,2026-01-01 14:32:52,paid,456.77,31.57,5.88,494.22,US,WA,apple_pay
ord_101260,cust_1354,2026-01-09 09:50:02,refunded,343.63,17.65,6.89,368.17,CA,ON,paypal
ord_101261,cust_1410,2026-02-06 16:58:39,cancelled,97.12,4.6,10.54,112.26,US,TX,paypal
ord_101262,cust_1380,2026-01-31 00:12:32,cancelled,376.48,20.54,6.1,403.12,FR,TX,apple_pay
ord_101263,cust_1329,2026-01-07 21:05:56,cancelled,245.76,19.2,13.92,278.88,DE,MH,bank_transfer
ord_101264,cust_1502,2026-01-07 20:31:34,cancelled,382.08,16.89,8.02,406.99,US,ON,paypal
ord_101265,cust_1408,2025-12-29 12:49:05,cancelled,170.31,10.93,8.77,190.01,DE,CA,paypal
ord_101266,cust_1375,2026-01-04 21:35:07,pending,308.44,18.08,6.97,333.49,DE,KA,apple_pay
ord_101267,cust_1155,2026-01-28 18:02:57,cancelled,319.96,14.08,10.95,344.99,GB,KA,bank_transfer
ord_101268,cust_1278,2025-12-30 08:58:34,paid,235.67,25.07,1.25,261.99,CA,KA,paypal
ord_101269,cust_1489,2026-01-24 21:31:47,refunded,236.84,23.1,1.76,261.7,DE,BE,apple_pay
ord_101270,cust_1214,2026-01-21 20:33:29,paid,454.18,37.44,16.62,508.24,CA,CA,bank_transfer
ord_101271,cust_1213,2026-01-01 02:50:59,cancelled,285.42,27.82,9.91,323.15,US,BE,paypal
ord_101272,cust_1166,2026-01-29 01:51:37,cancelled,151.08,17.03,0.27,168.38,FR,BE,card
ord_101273,cust_1546,2026-01-11 04:25:04,pending,368.57,27.41,9.55,405.53,DE,KA,bank_transfer
ord_101274,cust_1294,2026-01-03 10:00:11,paid,490.94,27.68,14.67,533.29,FR,ON,card
ord_101275,cust_1297,2026-02-04 18:46:11,pending,367.69,33.2,6.37,407.26,FR,BE,paypal
ord_101276,cust_1039,2026-01-20 06:04:41,cancelled,315.69,12.92,0.38,328.99,CA,ON,bank_transfer
ord_101277,cust_1364,2026-01-21 11:32:20,paid,494.93,57.08,16.23,568.24,US,CA,bank_transfer
ord_101278,cust_1201,2026-02-02 19:54:13,cancelled,299.95,25.07,14.71,339.73,FR,TX,apple_pay
ord_101279,cust_1009,2026-01-14 03:14:14,cancelled,90.14,9.71,3.45,103.3,US,KA,apple_pay
ord_101280,cust_1491,2025-12-29 07:35:13,pending,341.22,38.96,5.28,385.46,DE,WA,apple_pay
ord_101281,cust_1033,2026-02-04 06:24:41,pending,178.28,12.58,12.66,203.52,IN,WA,bank_transfer
ord_101282,cust_1269,2026-01-25 02:48:31,paid,15.79,0.88,5.78,22.45,FR,LDN,bank_transfer
ord_101283,cust_1109,2025-12-25 22:53:32,paid,319.67,13.65,14.97,348.29,DE,BE,paypal
ord_101284,cust_1528,2026-01-14 10:52:34,cancelled,229.49,17.05,2.3,248.84,US,MH,apple_pay
ord_101285,cust_1083,2026-01-14 14:49:31,refunded,155.5,9.97,6.07,171.54,IN,CA,paypal
ord_101286,cust_1186,2026-01-30 07:49:18,refunded,256.78,29.44,2.79,289.01,IN,ON,apple_pay
ord_101287,cust_1067,2026-01-16 04:10:15,pending,174.53,20.69,1.66,196.88,US,MH,bank_transfer
ord_101288,cust_1212,2026-01-10 00:53:51,cancelled,244.33,18.96,0.81,264.1,CA,BE,paypal
ord_101289,cust_1018,2026-01-22 11:03:37,paid,405.66,41.1,12.18,458.94,US,CA,apple_pay
ord_101290,cust_1432,2026-01-25 02:31:04,paid,351.23,33.96,7.21,392.4,US,ON,paypal
ord_101291,cust_1129,2026-01-18 14:44:44,pending,397.28,32.78,4.01,434.07,DE,WA,paypal
ord_101292,cust_1116,2026-01-25 01:46:51,refunded,147.01,13.18,0.12,160.31,DE,BE,bank_transfer
ord_101293,cust_1310,2026-01-12 12:33:14,pending,251.8,12.34,14.59,278.73,US,LDN,paypal
ord_101294,cust_1308,2026-01-24 04:19:40,cancelled,300.8,35.02,2.1,337.92,IN,ON,card
ord_101295,cust_1056,2026-01-07 08:14:13,paid,192.62,11.2,6.05,209.87,DE,KA,apple_pay
ord_101296,cust_1157,2025-12-29 03:06:24,cancelled,71.18,3.37,1.95,76.5,US,TX,apple_pay
ord_101297,cust_1348,2025-12-27 17:16:32,refunded,429.51,20.58,14.56,464.65,FR,LDN,card
ord_101298,cust_1123,2026-01-02 13:38:41,cancelled,129.71,11.48,0.75,141.94,US,MH,apple_pay
ord_101299,cust_1336,2026-01-29 17:43:04,refunded,16.77,1.99,15,33.76,GB,LDN,bank_transfer
ord_101300,cust_1182,2026-02-02 01:15:48,refunded,422.51,34.28,16.01,472.8,IN,TX,paypal
ord_101301,cust_1366,2026-01-18 16:34:53,pending,416.64,36.21,7.14,459.99,GB,NY,paypal
ord_101302,cust_1457,2026-01-17 01:40:23,pending,39.62,2.54,12.07,54.23,IN,MH,apple_pay
ord_101303,cust_1260,2026-02-01 23:33:48,paid,430.72,28.85,3.36,462.93,CA,ON,card
ord_101304,cust_1471,2025-12-25 12:06:38,paid,386.93,44.21,16.96,448.1,DE,MH,apple_pay
ord_101305,cust_1265,2026-01-20 18:43:22,pending,67.23,7,4.66,78.89,DE,MH,apple_pay
ord_101306,cust_1390,2026-01-28 08:01:47,paid,302.58,33.59,15.11,351.28,FR,KA,paypal
ord_101307,cust_1345,2026-01-14 21:57:52,paid,495.45,58.16,1.92,555.53,DE,ON,bank_transfer
ord_101308,cust_1333,2026-01-16 13:11:00,cancelled,189.79,22.58,5.06,217.43,FR,KA,bank_transfer
ord_101309,cust_1401,2026-01-22 02:25:32,cancelled,296.29,21.04,6.13,323.46,DE,CA,paypal
ord_101310,cust_1525,2026-01-09 01:33:11,refunded,141.83,7.24,4.75,153.82,GB,TX,bank_transfer
ord_101311,cust_1517,2026-01-22 18:19:39,refunded,421.85,20.44,15.93,458.22,IN,TX,card
ord_101312,cust_1533,2026-01-10 12:57:39,pending,237.04,19.21,2.18,258.43,FR,BE,bank_transfer
ord_101313,cust_1279,2025-12-26 13:47:25,pending,465.36,45.1,5.65,516.11,FR,TX,bank_transfer
ord_101314,cust_1021,2026-01-04 16:54:47,cancelled,86.75,8.93,7.41,103.09,IN,LDN,card
ord_101315,cust_1416,2026-01-28 16:01:41,refunded,251.46,15.29,4.69,271.44,CA,KA,apple_pay
ord_101316,cust_1121,2026-01-14 15:06:04,pending,470.04,45.25,16.38,531.67,US,BE,bank_transfer
ord_101317,cust_1080,2026-01-24 00:48:06,cancelled,464.97,30.6,17.29,512.86,US,MH,card
ord_101318,cust_1529,2025-12-27 12:47:19,cancelled,22.44,1.87,7.76,32.07,US,WA,card
ord_101319,cust_1184,2025-12-31 00:36:39,pending,490.52,50.68,1.71,542.91,IN,TX,card
ord_101320,cust_1341,2026-01-27 21:04:15,refunded,393.64,40.31,1.04,434.99,FR,BE,bank_transfer
ord_101321,cust_1042,2026-01-11 03:26:03,paid,443.29,23.44,1.34,468.07,GB,WA,card
ord_101322,cust_1521,2026-01-28 04:18:14,cancelled,356.74,22.55,10.21,389.5,CA,LDN,paypal
ord_101323,cust_1354,2026-01-11 09:58:21,cancelled,429.22,38.76,16.95,484.93,IN,BE,paypal
ord_101324,cust_1412,2026-02-03 16:46:25,refunded,75.66,6.4,8.33,90.39,CA,WA,card
ord_101325,cust_1512,2026-01-17 15:20:14,refunded,383.59,17.23,14.69,415.51,IN,LDN,paypal
ord_101326,cust_1179,2026-02-05 23:24:33,cancelled,342.61,16.79,7.43,366.83,GB,KA,paypal
ord_101327,cust_1533,2026-02-05 04:58:44,refunded,25.46,2.93,12.2,40.59,DE,KA,paypal
ord_101328,cust_1053,2026-01-17 09:16:35,refunded,219.89,9.39,5.47,234.75,GB,CA,paypal
ord_101329,cust_1088,2026-01-20 19:23:53,cancelled,266.76,27.34,0.16,294.26,FR,MH,paypal
ord_101330,cust_1298,2026-01-08 23:38:03,refunded,303.55,20.85,5.87,330.27,CA,LDN,apple_pay
ord_101331,cust_1164,2026-01-22 18:44:08,refunded,332.97,28.3,2.1,363.37,US,KA,bank_transfer
ord_101332,cust_1392,2026-01-31 23:45:19,refunded,215.81,14.82,0.49,231.12,CA,WA,bank_transfer
ord_101333,cust_1120,2026-01-25 03:00:50,cancelled,176.08,20.18,15.96,212.22,CA,ON,bank_transfer
ord_101334,cust_1307,2026-01-17 05:44:46,cancelled,166.84,8.85,0.13,175.82,IN,ON,card
ord_101335,cust_1162,2025-12-26 10:36:46,pending,455.83,18.27,5.93,480.03,FR,KA,apple_pay
ord_101336,cust_1319,2026-02-04 10:45:58,pending,300.03,23.21,14.38,337.62,DE,CA,paypal
ord_101337,cust_1112,2026-01-10 13:23:21,cancelled,26.99,2.55,16.81,46.35,FR,ON,paypal
ord_101338,cust_1065,2025-12-25 16:39:52,paid,159.44,10.98,10.55,180.97,US,MH,apple_pay
ord_101339,cust_1129,2025-12-28 14:03:13,cancelled,494.36,53.51,1.69,549.56,US,WA,paypal
ord_101340,cust_1476,2026-01-17 04:45:38,paid,177.94,16.82,0.91,195.67,CA,WA,bank_transfer
ord_101341,cust_1185,2026-01-20 20:11:24,pending,192.64,10.55,9.13,212.32,FR,ON,paypal
ord_101342,cust_1027,2026-01-06 23:29:53,paid,130.81,10.67,8.96,150.44,DE,ON,apple_pay
ord_101343,cust_1129,2025-12-25 00:41:40,pending,456.99,18.68,12.94,488.61,DE,TX,apple_pay
ord_101344,cust_1507,2026-01-16 11:45:06,cancelled,420.42,46.41,17.77,484.6,US,ON,apple_pay
ord_101345,cust_1164,2026-01-23 20:48:28,refunded,24.79,1.56,5.05,31.4,FR,KA,card
ord_101346,cust_1472,2026-01-18 19:17:28,cancelled,152.37,9.96,3.71,166.04,CA,ON,paypal
ord_101347,cust_1179,2026-02-05 11:42:27,cancelled,129.4,10.04,10.62,150.06,IN,TX,apple_pay
ord_101348,cust_1144,2026-01-14 17:33:34,pending,59.74,4.29,5.56,69.59,IN,TX,card
ord_101349,cust_1153,2026-01-06 14:52:56,pending,163.15,13.63,1.57,178.35,FR,TX,paypal
ord_101350,cust_1428,2025-12-25 19:31:15,refunded,143.39,11.22,17.17,171.78,GB,BE,paypal
ord_101351,cust_1361,2026-01-23 04:02:26,pending,243.95,28.17,5.53,277.65,IN,MH,apple_pay
ord_101352,cust_1004,2026-01-03 14:09:23,refunded,97.47,10.49,16.64,124.6,DE,MH,paypal
ord_101353,cust_1391,2026-01-23 16:40:23,pending,496.44,20.88,5.37,522.69,DE,NY,bank_transfer
ord_101354,cust_1203,2026-01-08 03:34:57,pending,330,36.38,4.95,371.33,IN,WA,apple_pay
ord_101355,cust_1303,2026-01-14 10:43:55,cancelled,88.31,6.48,13.27,108.06,DE,NY,bank_transfer
ord_101356,cust_1456,2026-01-06 17:40:08,pending,47.89,4.41,3.51,55.81,CA,BE,card
ord_101357,cust_1286,2026-02-02 18:28:45,paid,172.42,9.68,4.47,186.57,DE,LDN,paypal
ord_101358,cust_1246,2026-02-06 20:39:01,pending,177.12,16.25,9.39,202.76,DE,ON,paypal
ord_101359,cust_1286,2026-02-02 09:11:38,paid,467.3,19.8,13.48,500.58,CA,NY,bank_transfer
ord_101360,cust_1152,2025-12-30 20:28:08,cancelled,372.28,18.23,6.08,396.59,DE,KA,card
ord_101361,cust_1529,2026-02-05 23:36:27,cancelled,435.67,23.47,12.88,472.02,CA,TX,paypal
ord_101362,cust_1244,2026-02-06 22:03:56,refunded,83.72,8.42,15.21,107.35,IN,WA,apple_pay
ord_101363,cust_1537,2026-02-01 03:29:37,cancelled,52.43,6.27,2.62,61.32,CA,CA,apple_pay
ord_101364,cust_1504,2025-12-26 12:38:59,paid,309.22,25.6,14.62,349.44,US,KA,paypal
ord_101365,cust_1042,2026-01-17 05:03:24,refunded,157.5,6.47,9.78,173.75,FR,NY,apple_pay
ord_101366,cust_1033,2025-12-30 14:22:20,paid,434.36,38.28,14.38,487.02,US,KA,card
ord_101367,cust_1028,2026-02-04 12:33:58,cancelled,332.69,17.46,15.32,365.47,DE,MH,bank_transfer
ord_101368,cust_1354,2026-01-24 06:22:25,pending,30.03,1.88,3.28,35.19,IN,MH,apple_pay
ord_101369,cust_1400,2026-01-29 18:21:08,paid,113.15,12.49,7.03,132.67,GB,BE,bank_transfer
ord_101370,cust_1397,2026-01-26 20:07:03,pending,335.63,25.57,14.86,376.06,US,KA,apple_pay
ord_101371,cust_1014,2026-01-01 17:51:23,paid,275.53,16.39,14.82,306.74,US,KA,card
ord_101372,cust_1533,2025-12-30 20:16:24,refunded,320.56,16.08,1.75,338.39,DE,BE,card
ord_101373,cust_1423,2026-02-03 04:07:20,refunded,51.36,2.15,10.24,63.75,IN,NY,paypal
ord_101374,cust_1177,2026-02-04 11:46:11,cancelled,173.28,12.65,1.15,187.08,GB,WA,apple_pay
ord_101375,cust_1385,2026-02-04 05:37:34,refunded,40.55,3.33,8.56,52.44,US,NY,bank_transfer
ord_101376,cust_1437,2026-01-31 14:47:31,paid,178.51,12.32,7.82,198.65,FR,TX,apple_pay
ord_101377,cust_1144,2026-01-14 08:09:52,paid,405.46,38.89,7.49,451.84,FR,ON,paypal
ord_101378,cust_1196,2026-01-14 11:44:33,cancelled,207.3,15.7,13.64,236.64,IN,NY,bank_transfer
ord_101379,cust_1018,2025-12-31 03:14:44,pending,260.11,16.24,17.8,294.15,GB,ON,paypal
ord_101380,cust_1428,2026-01-26 11:07:02,cancelled,264.39,15.32,5,284.71,IN,MH,bank_transfer
ord_101381,cust_1303,2026-01-08 13:17:16,pending,479.62,49.31,6.27,535.2,CA,NY,paypal
ord_101382,cust_1400,2025-12-30 23:29:58,pending,376.23,18.28,8.55,403.06,IN,CA,card
ord_101383,cust_1443,2025-12-25 02:05:46,refunded,313.36,15.75,6.97,336.08,DE,TX,card
ord_101384,cust_1282,2026-01-17 23:49:56,cancelled,373.87,21.47,11.43,406.77,FR,MH,bank_transfer
ord_101385,cust_1011,2026-01-11 22:15:48,cancelled,39.43,2.33,3.66,45.42,FR,ON,paypal
ord_101386,cust_1330,2026-01-04 01:56:54,refunded,63.52,4.49,6.8,74.81,CA,BE,bank_transfer
ord_101387,cust_1090,2026-01-04 19:49:14,cancelled,189.47,8.12,0.57,198.16,GB,NY,paypal
ord_101388,cust_1422,2026-01-17 05:50:26,refunded,296.32,20.19,10.71,327.22,US,KA,paypal
ord_101389,cust_1411,2026-02-06 02:56:35,pending,423.49,47.1,17,487.59,CA,KA,bank_transfer
ord_101390,cust_1096,2026-01-27 15:46:01,cancelled,276.98,14.07,3.34,294.39,DE,MH,apple_pay
ord_101391,cust_1029,2026-01-12 01:48:54,paid,121.22,6.09,9.51,136.82,US,ON,apple_pay
ord_101392,cust_1444,2026-01-23 12:04:04,pending,329.27,23.2,7.1,359.57,US,LDN,bank_transfer
ord_101393,cust_1490,2025-12-26 14:16:31,refunded,300.73,13.11,17.88,331.72,DE,NY,card
ord_101394,cust_1426,2026-01-08 20:45:08,pending,89.72,10.33,14.73,114.78,CA,WA,paypal
ord_101395,cust_1250,2026-01-05 09:52:23,refunded,168.5,18.27,8.61,195.38,FR,ON,card
ord_101396,cust_1180,2026-01-31 11:22:36,cancelled,432.88,45,14.59,492.47,DE,NY,paypal
ord_101397,cust_1526,2026-01-02 15:42:41,cancelled,199.26,14.2,5.16,218.62,US,NY,card
ord_101398,cust_1185,2026-02-04 06:34:09,paid,375.32,30.55,8.71,414.58,GB,ON,bank_transfer
ord_101399,cust_1265,2026-02-03 21:31:19,paid,360.87,24.83,9.47,395.17,DE,NY,apple_pay
ord_101400,cust_1513,2026-02-03 00:23:05,paid,314.48,30.61,4.73,349.82,DE,WA,paypal
ord_101401,cust_1104,2026-01-13 03:38:25,pending,149.49,10.49,14.3,174.28,FR,KA,apple_pay
ord_101402,cust_1317,2025-12-26 04:09:47,pending,202.69,12.73,2.91,218.33,US,NY,apple_pay
ord_101403,cust_1392,2026-01-09 00:30:07,pending,279.1,26.74,16.79,322.63,IN,MH,apple_pay
ord_101404,cust_1475,2026-01-17 08:07:40,refunded,279.42,31.99,10.03,321.44,GB,WA,apple_pay
ord_101405,cust_1239,2026-01-11 17:48:21,pending,493.91,53.88,16.65,564.44,US,ON,bank_transfer
ord_101406,cust_1105,2026-01-07 12:06:42,cancelled,65.21,5.26,15.07,85.54,US,KA,bank_transfer
ord_101407,cust_1270,2026-01-09 03:28:23,paid,383.82,35.81,16.96,436.59,US,NY,paypal
ord_101408,cust_1344,2026-01-05 11:35:36,cancelled,430.48,22.32,15.22,468.02,FR,LDN,bank_transfer
ord_101409,cust_1403,2026-02-05 04:48:53,cancelled,367.31,26.69,10.68,404.68,FR,BE,paypal
ord_101410,cust_1535,2026-01-28 05:31:54,pending,320.57,14.17,5.16,339.9,US,LDN,paypal
ord_101411,cust_1245,2025-12-26 23:57:29,pending,313.9,34.5,4.29,352.69,CA,WA,card
ord_101412,cust_1465,2026-01-26 20:12:35,paid,186.11,20.48,17.2,223.79,DE,LDN,paypal
ord_101413,cust_1320,2026-01-31 02:18:18,refunded,121.24,12.94,1.64,135.82,US,WA,apple_pay
ord_101414,cust_1380,2026-02-03 05:15:39,cancelled,137.39,16.15,15.08,168.62,FR,WA,apple_pay
ord_101415,cust_1257,2025-12-29 03:09:32,refunded,196.99,20.38,1.38,218.75,FR,WA,card
ord_101416,cust_1240,2026-01-01 05:47:31,paid,486.65,20.88,17.1,524.63,US,CA,apple_pay
ord_101417,cust_1095,2026-01-23 20:34:56,refunded,492.15,54.43,6.44,553.02,DE,BE,card
ord_101418,cust_1001,2026-01-21 13:41:35,refunded,321.86,27.51,0.66,350.03,FR,ON,bank_transfer
ord_101419,cust_1435,2026-02-05 02:48:51,pending,229.27,16.03,13.64,258.94,US,CA,paypal
ord_101420,cust_1268,2026-01-16 20:08:36,cancelled,217.22,14.74,15.05,247.01,US,MH,bank_transfer
ord_101421,cust_1019,2025-12-29 08:06:39,paid,307.15,34.72,15.46,357.33,US,WA,apple_pay
ord_101422,cust_1341,2025-12-24 07:17:58,refunded,338.42,17.54,9.63,365.59,GB,CA,bank_transfer
ord_101423,cust_1101,2026-01-29 05:45:16,cancelled,347.69,37.88,4.21,389.78,IN,ON,card
ord_101424,cust_1049,2025-12-30 11:47:22,paid,211.34,21.32,13.48,246.14,DE,KA,paypal
ord_101425,cust_1540,2026-01-28 01:44:17,paid,327.62,29.12,16.67,373.41,GB,KA,card
ord_101426,cust_1269,2026-01-04 06:24:34,paid,225.32,13.91,2.61,241.84,GB,WA,bank_transfer
ord_101427,cust_1420,2026-01-24 03:57:48,refunded,160.66,16.46,1.49,178.61,IN,LDN,apple_pay
ord_101428,cust_1250,2026-01-08 05:06:31,pending,28.34,3.29,1.05,32.68,US,CA,card
ord_101429,cust_1469,2026-01-11 17:09:36,paid,455.74,41.68,17.44,514.86,GB,BE,card
ord_101430,cust_1545,2026-01-25 14:42:45,pending,217.25,17.63,14.29,249.17,GB,MH,paypal
ord_101431,cust_1427,2026-01-09 16:19:15,paid,486.28,24.6,14.5,525.38,IN,KA,apple_pay
ord_101432,cust_1089,2026-01-21 16:39:42,cancelled,224.89,13.58,13.28,251.75,GB,BE,card
ord_101433,cust_1207,2026-01-11 11:53:26,refunded,321.53,24.96,13.9,360.39,GB,NY,paypal
ord_101434,cust_1063,2026-01-18 14:17:24,cancelled,34.46,3.05,0.84,38.35,GB,ON,card
ord_101435,cust_1272,2026-01-29 07:11:44,refunded,414.35,26.25,9.82,450.42,CA,BE,apple_pay
ord_101436,cust_1509,2026-01-05 05:17:42,paid,234.25,25.97,4.58,264.8,GB,NY,apple_pay
ord_101437,cust_1527,2026-01-23 14:49:16,paid,19.26,1.31,16.26,36.83,DE,CA,apple_pay
ord_101438,cust_1288,2025-12-26 05:03:48,cancelled,183.29,17.79,11.32,212.4,DE,WA,bank_transfer
ord_101439,cust_1159,2026-01-30 06:42:27,paid,262.4,11.71,5.36,279.47,US,KA,card
ord_101440,cust_1083,2026-01-18 03:39:54,paid,451.69,46.64,9.62,507.95,CA,NY,paypal
ord_101441,cust_1177,2026-01-18 05:59:53,cancelled,342.08,25.02,15.05,382.15,IN,BE,paypal
ord_101442,cust_1289,2026-01-23 08:17:15,paid,62.45,4.71,3.54,70.7,DE,KA,card
ord_101443,cust_1414,2026-02-01 15:33:49,pending,134.22,9.41,6.43,150.06,GB,TX,paypal
ord_101444,cust_1009,2026-01-29 08:26:18,cancelled,451.93,40.48,3.09,495.5,DE,WA,bank_transfer
ord_101445,cust_1030,2026-01-27 15:11:45,pending,277.93,29.45,15.98,323.36,CA,LDN,apple_pay
ord_101446,cust_1346,2026-01-02 04:51:25,pending,226.98,17.26,13.74,257.98,DE,WA,paypal
ord_101447,cust_1027,2026-01-22 09:50:06,pending,226.17,16.14,12.7,255.01,FR,MH,bank_transfer
ord_101448,cust_1535,2026-02-05 15:40:08,cancelled,485.21,45.17,2.12,532.5,IN,CA,card
ord_101449,cust_1304,2026-01-04 06:57:01,paid,264.27,30.71,1.42,296.4,DE,LDN,bank_transfer
ord_101450,cust_1137,2026-01-08 02:08:17,refunded,246.13,10.8,4.75,261.68,DE,KA,card
ord_101451,cust_1444,2026-01-08 11:52:03,pending,50.1,2.78,14.77,67.65,US,BE,bank_transfer
ord_101452,cust_1101,2026-01-29 23:54:08,paid,88.42,8.59,0.97,97.98,IN,TX,bank_transfer
ord_101453,cust_1503,2026-01-07 08:12:50,pending,241.03,25.51,1.37,267.91,GB,TX,card
ord_101454,cust_1283,2026-02-06 10:35:51,paid,120.83,8.33,9.79,138.95,CA,ON,bank_transfer
ord_101455,cust_1441,2026-01-03 08:38:38,cancelled,80.36,6.69,15.03,102.08,CA,NY,card
ord_101456,cust_1442,2026-01-15 12:18:58,cancelled,403.02,29.15,12.99,445.16,US,CA,paypal
ord_101457,cust_1339,2026-01-29 09:35:55,paid,145.03,8.34,0.48,153.85,FR,BE,paypal
ord_101458,cust_1461,2026-01-07 02:23:02,refunded,443.14,23.78,5.36,472.28,FR,WA,bank_transfer
ord_101459,cust_1257,2026-01-06 12:16:32,cancelled,110.43,4.98,4.26,119.67,FR,CA,bank_transfer
ord_101460,cust_1235,2025-12-31 16:44:04,pending,244.75,26.59,1.83,273.17,GB,WA,apple_pay
ord_101461,cust_1330,2026-01-26 05:56:20,pending,463.99,26.08,16.2,506.27,CA,ON,bank_transfer
ord_101462,cust_1454,2025-12-28 10:40:18,paid,15.54,1.04,8.81,25.39,GB,CA,bank_transfer
ord_101463,cust_1075,2026-01-08 10:08:06,paid,72.52,5.72,3.45,81.69,US,BE,card
ord_101464,cust_1405,2026-01-03 01:13:52,pending,218.09,10.16,10.85,239.1,GB,TX,paypal
ord_101465,cust_1393,2026-01-15 06:06:54,paid,493.08,24.85,13.03,530.96,US,MH,bank_transfer
ord_101466,cust_1314,2025-12-25 09:52:54,cancelled,231.85,21.51,4.31,257.67,DE,WA,paypal
ord_101467,cust_1343,2025-12-29 12:35:16,refunded,265.64,28.32,1.91,295.87,IN,CA,paypal
ord_101468,cust_1059,2026-01-11 09:07:22,cancelled,320.42,32.75,14.88,368.05,CA,LDN,card
ord_101469,cust_1060,2025-12-27 02:28:25,refunded,110.41,9,3.69,123.1,US,KA,paypal
ord_101470,cust_1363,2026-01-02 13:26:19,refunded,166.95,18.72,6.41,192.08,US,KA,apple_pay
ord_101471,cust_1209,2026-01-08 20:37:58,paid,472.72,36.35,13.69,522.76,GB,ON,paypal
ord_101472,cust_1105,2026-02-05 17:17:26,paid,497.07,37.28,6.92,541.27,CA,BE,card
ord_101473,cust_1448,2026-01-05 01:42:08,pending,52.35,2.16,8.45,62.96,CA,TX,bank_transfer
ord_101474,cust_1545,2026-01-12 00:09:16,pending,96.88,9.07,7.26,113.21,DE,LDN,bank_transfer
ord_101475,cust_1170,2026-02-04 23:36:07,pending,476.64,39.54,8.75,524.93,CA,WA,apple_pay
ord_101476,cust_1108,2026-01-28 07:32:04,paid,130.5,12.38,10.13,153.01,FR,LDN,bank_transfer
ord_101477,cust_1394,2026-01-17 23:08:26,paid,76.88,4.39,5.84,87.11,US,CA,paypal
ord_101478,cust_1455,2026-01-02 04:50:47,cancelled,180.14,12.69,13.85,206.68,DE,KA,paypal
ord_101479,cust_1232,2026-01-01 18:13:43,cancelled,323.71,32.45,11.27,367.43,CA,WA,paypal
ord_101480,cust_1220,2026-01-12 18:11:10,refunded,254.63,12.14,12.7,279.47,GB,NY,card
ord_101481,cust_1185,2026-01-27 01:03:27,cancelled,215.58,15.92,5.03,236.53,US,CA,card
ord_101482,cust_1528,2026-01-02 14:58:52,pending,393.21,31.94,15.75,440.9,US,MH,paypal
ord_101483,cust_1167,2026-01-13 03:44:30,cancelled,492.31,58.3,9.23,559.84,CA,NY,card
ord_101484,cust_1491,2025-12-29 07:03:33,pending,78.12,6.24,8.94,93.3,US,WA,card
ord_101485,cust_1099,2025-12-29 01:52:56,cancelled,306.96,33.3,12.4,352.66,IN,LDN,bank_transfer
ord_101486,cust_1381,2026-01-10 09:23:41,refunded,26.49,2.21,10.74,39.44,DE,TX,card
ord_101487,cust_1355,2026-01-27 10:13:55,cancelled,44.82,3.96,17.99,66.77,CA,TX,card
ord_101488,cust_1485,2025-12-27 06:57:04,cancelled,65.84,7.54,14.01,87.39,CA,LDN,paypal
ord_101489,cust_1457,2026-01-31 15:49:27,pending,490.13,47.25,3.76,541.14,GB,CA,apple_pay
ord_101490,cust_1059,2026-01-12 19:48:06,cancelled,488.12,30.22,8.73,527.07,FR,BE,card
ord_101491,cust_1296,2026-02-05 22:11:16,cancelled,319.41,16.61,6.76,342.78,DE,TX,paypal
ord_101492,cust_1496,2026-01-18 09:42:30,paid,193.33,12.36,1.99,207.68,US,BE,apple_pay
ord_101493,cust_1510,2026-01-15 20:24:19,refunded,334.33,33.16,10.17,377.66,IN,MH,card
ord_101494,cust_1037,2026-02-01 01:55:06,cancelled,20.13,1.8,5.57,27.5,GB,MH,paypal
ord_101495,cust_1408,2025-12-28 20:51:30,pending,54.91,4.43,1.6,60.94,US,BE,bank_transfer
ord_101496,cust_1467,2025-12-31 22:38:46,refunded,365.24,43,4.93,413.17,US,WA,apple_pay
ord_101497,cust_1446,2025-12-25 15:42:50,cancelled,324.91,23.29,7.32,355.52,FR,KA,bank_transfer
ord_101498,cust_1165,2025-12-24 09:07:33,paid,442.07,48.61,9.34,500.02,IN,BE,bank_transfer
ord_101499,cust_1248,2025-12-31 13:46:38,cancelled,167.23,11.07,10.13,188.43,GB,ON,card
ord_101500,cust_1092,2025-12-28 17:22:47,paid,361.9,17.11,8.87,387.88,US,CA,paypal
ord_101501,cust_1393,2026-01-22 10:40:12,refunded,483.71,44.87,11.29,539.87,US,ON,paypal
ord_101502,cust_1364,2026-01-08 14:23:07,cancelled,346.76,36.59,6.94,390.29,IN,CA,bank_transfer
ord_101503,cust_1149,2026-01-05 07:01:41,cancelled,195.36,23.05,13.78,232.19,GB,TX,apple_pay
ord_101504,cust_1246,2026-01-31 16:01:26,paid,257.59,25.6,0.24,283.43,CA,TX,apple_pay
ord_101505,cust_1216,2026-01-28 03:20:49,paid,116.47,11.3,8.03,135.8,DE,MH,apple_pay
ord_101506,cust_1191,2026-01-14 03:31:48,refunded,317.45,28.9,9.72,356.07,FR,LDN,bank_transfer
ord_101507,cust_1206,2026-01-15 20:47:42,refunded,131.61,10.13,4.82,146.56,CA,LDN,apple_pay
ord_101508,cust_1509,2026-01-01 11:17:29,pending,135.06,11.73,6.9,153.69,CA,NY,bank_transfer
ord_101509,cust_1525,2026-01-07 23:13:25,paid,485.76,50.52,5.34,541.62,IN,KA,card
ord_101510,cust_1022,2026-01-23 14:13:13,pending,101.61,7.65,16.65,125.91,US,NY,paypal
ord_101511,cust_1261,2026-01-12 12:13:37,pending,149.34,17.84,3.9,171.08,DE,NY,bank_transfer
ord_101512,cust_1240,2026-01-20 01:07:48,refunded,308.67,21.68,0.74,331.09,FR,WA,bank_transfer
ord_101513,cust_1340,2026-01-10 10:40:17,cancelled,24.94,2.59,17,44.53,GB,ON,bank_transfer
ord_101514,cust_1004,2026-01-20 05:47:22,refunded,360.1,39.2,14.5,413.8,CA,MH,bank_transfer
ord_101515,cust_1397,2025-12-26 16:37:57,cancelled,184.89,16.59,8.58,210.06,DE,BE,apple_pay
ord_101516,cust_1210,2026-01-27 05:49:09,pending,302.72,27.28,7.99,337.99,US,WA,card
ord_101517,cust_1018,2025-12-30 13:37:42,refunded,470.54,36.05,16.6,523.19,FR,KA,card
ord_101518,cust_1193,2026-01-22 14:06:00,paid,51.1,4.75,1.35,57.2,FR,TX,bank_transfer
ord_101519,cust_1075,2026-01-08 13:11:38,refunded,101.57,9.49,3.98,115.04,FR,MH,apple_pay
ord_101520,cust_1385,2026-01-29 17:26:57,paid,206.85,8.54,15.18,230.57,US,ON,paypal
ord_101521,cust_1418,2026-02-06 23:37:09,cancelled,455.07,25.01,4.13,484.21,GB,CA,bank_transfer
ord_101522,cust_1456,2026-01-24 08:41:31,paid,235.21,15.25,2.97,253.43,DE,KA,card
ord_101523,cust_1141,2026-01-06 00:34:21,paid,153.45,13.51,2.21,169.17,IN,MH,bank_transfer
ord_101524,cust_1153,2026-01-20 14:32:57,pending,347.42,33.19,17.05,397.66,CA,TX,bank_transfer
ord_101525,cust_1178,2026-01-29 18:43:33,paid,441.03,36.88,5.93,483.84,FR,BE,paypal
ord_101526,cust_1368,2026-01-06 07:56:41,refunded,260.17,18.45,9.57,288.19,FR,NY,bank_transfer
ord_101527,cust_1484,2025-12-30 14:35:10,pending,488.28,24.57,12.7,525.55,US,MH,paypal
ord_101528,cust_1257,2026-01-05 00:02:56,cancelled,225.49,13.54,9.65,248.68,DE,KA,bank_transfer
ord_101529,cust_1385,2025-12-27 12:53:26,cancelled,231.78,25.76,1.92,259.46,US,WA,bank_transfer
ord_101530,cust_1306,2025-12-27 17:56:11,pending,379.17,44.03,11.95,435.15,DE,NY,card
ord_101531,cust_1383,2025-12-27 10:37:05,cancelled,267.19,12.95,9.65,289.79,DE,TX,paypal
ord_101532,cust_1280,2026-01-08 09:59:22,pending,316.57,37.36,2.04,355.97,DE,TX,paypal
ord_101533,cust_1197,2026-01-15 10:23:51,paid,463.41,26.27,0.21,489.89,DE,KA,paypal
ord_101534,cust_1270,2026-01-07 05:42:44,pending,441.91,30.83,9.96,482.7,GB,WA,paypal
ord_101535,cust_1005,2026-01-08 10:48:10,cancelled,392.36,38.03,9.18,439.57,GB,MH,bank_transfer
ord_101536,cust_1499,2026-01-06 11:24:19,refunded,373.94,38.83,17.14,429.91,FR,NY,apple_pay
ord_101537,cust_1431,2026-01-22 13:41:25,pending,258.67,12.74,15.9,287.31,US,WA,paypal
ord_101538,cust_1405,2026-01-08 13:14:53,cancelled,190.1,16.93,12.89,219.92,DE,KA,paypal
ord_101539,cust_1452,2026-01-02 16:31:05,pending,109.35,12.83,2.43,124.61,GB,KA,bank_transfer
ord_101540,cust_1308,2026-01-11 09:51:18,refunded,314.22,34.48,14.47,363.17,US,TX,card
ord_101541,cust_1253,2026-01-23 06:38:46,refunded,438.77,40.23,0.91,479.91,FR,TX,card
ord_101542,cust_1441,2025-12-31 21:49:58,refunded,97.72,7.88,11.74,117.34,GB,KA,apple_pay
ord_101543,cust_1119,2026-01-09 01:56:18,refunded,481.81,21.07,1.3,504.18,US,CA,paypal
ord_101544,cust_1057,2026-02-07 00:07:46,pending,36.48,4,7.06,47.54,FR,NY,paypal
ord_101545,cust_1045,2026-01-31 03:13:25,cancelled,282.66,21.98,1.11,305.75,CA,WA,card
ord_101546,cust_1438,2026-02-06 18:27:57,pending,374.81,42.52,0.02,417.35,FR,NY,card
ord_101547,cust_1524,2026-01-29 07:52:46,paid,267.62,16.56,3.53,287.71,CA,NY,paypal
ord_101548,cust_1413,2026-01-17 13:15:12,cancelled,78.66,7.48,8.4,94.54,DE,LDN,paypal
ord_101549,cust_1200,2026-01-25 13:29:56,pending,270.82,12.9,16.6,300.32,CA,WA,paypal
ord_101550,cust_1322,2026-01-22 03:44:18,cancelled,485.44,51.27,9.26,545.97,IN,BE,card
ord_101551,cust_1391,2026-01-18 08:36:42,cancelled,313.73,17.43,14.95,346.11,CA,KA,apple_pay
ord_101552,cust_1328,2026-01-19 11:37:46,refunded,453.13,30.31,4.09,487.53,DE,WA,card
ord_101553,cust_1485,2025-12-25 17:42:18,pending,50.4,2.45,10.53,63.38,FR,WA,paypal
ord_101554,cust_1324,2026-01-15 22:28:05,paid,173.73,14.98,14.58,203.29,IN,LDN,bank_transfer
ord_101555,cust_1266,2025-12-29 18:26:42,refunded,111.72,6.1,1.29,119.11,IN,MH,apple_pay
ord_101556,cust_1236,2026-02-06 00:06:23,cancelled,278.59,30.96,2.72,312.27,CA,BE,paypal
ord_101557,cust_1154,2026-02-01 15:18:57,paid,397.3,43.67,11.15,452.12,DE,NY,bank_transfer
ord_101558,cust_1337,2026-01-23 13:55:15,pending,210.28,22.23,11.47,243.98,GB,BE,bank_transfer
ord_101559,cust_1029,2026-01-27 09:52:07,refunded,300.92,34.61,16.01,351.54,FR,WA,bank_transfer
ord_101560,cust_1179,2026-01-11 00:25:53,paid,257.31,14.98,3.02,275.31,IN,BE,card
ord_101561,cust_1013,2026-01-14 05:15:35,pending,256.91,10.6,12.49,280,GB,NY,card
ord_101562,cust_1120,2026-01-18 18:38:58,refunded,33.54,3.17,9.6,46.31,GB,CA,card
ord_101563,cust_1150,2025-12-31 09:17:57,paid,258.01,14.46,11.63,284.1,IN,NY,paypal
ord_101564,cust_1130,2026-01-07 17:06:06,refunded,219.16,20.37,8.37,247.9,US,BE,bank_transfer
ord_101565,cust_1019,2026-01-25 20:09:49,pending,239.89,10.29,4.21,254.39,IN,MH,bank_transfer
ord_101566,cust_1208,2026-01-21 16:45:23,cancelled,476.73,26.74,4.15,507.62,CA,KA,paypal
ord_101567,cust_1509,2026-02-06 17:47:23,pending,315.03,31.91,15.42,362.36,CA,MH,bank_transfer
ord_101568,cust_1302,2025-12-24 20:44:32,pending,412.6,25.76,7.32,445.68,FR,BE,bank_transfer
ord_101569,cust_1054,2025-12-28 11:21:19,cancelled,46.14,5.14,6.5,57.78,GB,WA,paypal
ord_101570,cust_1406,2026-01-23 22:47:19,refunded,325.52,13.23,14.62,353.37,US,NY,card
ord_101571,cust_1137,2026-01-21 11:47:39,refunded,462.23,35.48,15.97,513.68,CA,NY,apple_pay
ord_101572,cust_1003,2026-01-20 14:33:26,paid,382,16.96,14.32,413.28,CA,LDN,apple_pay
ord_101573,cust_1392,2026-01-11 00:14:15,pending,296.33,13.08,8.56,317.97,GB,LDN,bank_transfer
ord_101574,cust_1057,2026-01-09 02:21:10,cancelled,181.28,10.68,8.32,200.28,GB,KA,paypal
ord_101575,cust_1530,2026-02-02 16:13:24,cancelled,284.63,33.59,6.61,324.83,CA,NY,card
ord_101576,cust_1249,2026-01-01 04:32:22,paid,378.29,18.52,4.37,401.18,GB,CA,bank_transfer
ord_101577,cust_1544,2026-01-12 00:34:38,cancelled,413.18,29.16,11.68,454.02,DE,TX,bank_transfer
ord_101578,cust_1371,2026-01-17 00:17:23,paid,319.17,33.26,5.62,358.05,US,ON,card
ord_101579,cust_1190,2026-01-28 20:10:21,refunded,30.19,2.89,11.42,44.5,US,LDN,bank_transfer
ord_101580,cust_1019,2026-01-06 13:35:17,refunded,235.98,11.51,8.28,255.77,DE,TX,card
ord_101581,cust_1116,2026-01-24 07:42:27,paid,290.11,12.08,4.23,306.42,FR,CA,paypal
ord_101582,cust_1134,2026-01-01 03:51:25,pending,441.05,27.9,16.14,485.09,GB,NY,bank_transfer
ord_101583,cust_1240,2026-01-01 08:34:52,refunded,468.81,51.48,2.78,523.07,FR,LDN,apple_pay
ord_101584,cust_1407,2025-12-29 16:24:49,cancelled,428.93,45.8,10.82,485.55,IN,CA,apple_pay
ord_101585,cust_1387,2025-12-28 08:13:19,pending,38.55,4.05,12.9,55.5,IN,LDN,apple_pay
ord_101586,cust_1119,2026-01-29 00:13:00,cancelled,381.78,25.21,9,415.99,CA,TX,bank_transfer
ord_101587,cust_1161,2026-01-14 17:49:52,pending,370.67,30.19,6.11,406.97,DE,CA,apple_pay
ord_101588,cust_1039,2026-01-25 05:40:05,refunded,430.61,20.25,7.86,458.72,FR,NY,apple_pay
ord_101589,cust_1497,2026-01-19 06:31:05,pending,368.89,40.62,7.16,416.67,IN,BE,paypal
ord_101590,cust_1173,2026-01-17 02:24:45,cancelled,286.8,19.85,5.57,312.22,FR,TX,bank_transfer
ord_101591,cust_1112,2026-01-17 18:02:22,paid,138.61,6.36,9.44,154.41,IN,LDN,paypal
ord_101592,cust_1011,2026-02-04 23:55:30,cancelled,384.13,15.74,15.23,415.1,CA,LDN,card
ord_101593,cust_1233,2026-01-15 23:39:32,refunded,249.39,10.51,17.95,277.85,CA,NY,bank_transfer
ord_101594,cust_1258,2026-01-24 03:11:51,cancelled,99.42,8.15,17.31,124.88,DE,CA,card
ord_101595,cust_1537,2026-01-06 01:29:11,paid,387.82,45.66,4.31,437.79,CA,TX,apple_pay
ord_101596,cust_1548,2026-01-15 20:15:01,paid,318.36,19.86,17.6,355.82,GB,WA,bank_transfer
ord_101597,cust_1234,2026-01-29 23:39:59,paid,156.49,17.42,8.77,182.68,US,TX,apple_pay
ord_101598,cust_1163,2026-02-01 03:01:41,refunded,345.19,16.26,16.28,377.73,CA,TX,paypal
ord_101599,cust_1384,2026-01-13 18:04:20,refunded,326.33,16.73,5.87,348.93,DE,BE,apple_pay
ord_101600,cust_1327,2026-01-07 18:06:37,cancelled,56.38,4.85,6.8,68.03,CA,TX,card
ord_101601,cust_1432,2026-01-06 11:11:54,pending,265.4,29.8,10.48,305.68,DE,KA,card
ord_101602,cust_1076,2026-01-19 09:47:15,paid,415.8,42.39,3.41,461.6,IN,WA,apple_pay
ord_101603,cust_1207,2026-01-09 00:42:40,cancelled,141.62,6.39,12.96,160.97,GB,MH,card
ord_101604,cust_1096,2026-01-23 23:03:05,paid,162.48,8.63,12.17,183.28,GB,BE,paypal
ord_101605,cust_1122,2026-01-09 04:18:36,refunded,486.55,49.37,6.37,542.29,IN,KA,paypal
ord_101606,cust_1356,2025-12-31 08:52:14,refunded,249.64,15.89,6.1,271.63,IN,NY,paypal
ord_101607,cust_1216,2026-01-23 09:12:59,pending,228.83,12.86,17.77,259.46,US,BE,card
ord_101608,cust_1540,2026-01-24 01:59:30,refunded,27.15,2.38,16.61,46.14,DE,TX,card
ord_101609,cust_1234,2026-01-06 12:27:11,pending,296.52,25.39,16.66,338.57,US,LDN,paypal
ord_101610,cust_1189,2025-12-25 17:26:56,pending,343.84,40.75,6.18,390.77,CA,LDN,apple_pay
ord_101611,cust_1535,2026-01-10 18:38:34,paid,371.44,41.84,15.92,429.2,DE,MH,paypal
ord_101612,cust_1009,2025-12-27 10:50:09,cancelled,487.88,39.96,5.37,533.21,IN,TX,paypal
ord_101613,cust_1501,2026-01-21 09:05:46,pending,358.24,41.17,6.33,405.74,IN,BE,bank_transfer
ord_101614,cust_1310,2026-01-27 08:30:16,refunded,198.84,23.73,14.66,237.23,IN,WA,paypal
ord_101615,cust_1525,2025-12-25 18:48:28,pending,280.63,18.01,10.23,308.87,US,BE,paypal
ord_101616,cust_1273,2026-01-31 19:58:59,cancelled,344.32,22.02,8.1,374.44,CA,WA,bank_transfer
ord_101617,cust_1154,2025-12-31 05:23:30,pending,413.99,18.14,13.41,445.54,GB,LDN,card
ord_101618,cust_1474,2026-01-30 05:53:04,refunded,167.49,17.1,15.39,199.98,IN,KA,paypal
ord_101619,cust_1187,2025-12-28 13:42:17,cancelled,109.56,10.19,1.35,121.1,IN,TX,bank_transfer
ord_101620,cust_1468,2026-01-04 06:00:17,paid,254.56,21.58,15.64,291.78,GB,ON,paypal
ord_101621,cust_1181,2026-01-10 20:20:45,cancelled,22.36,1.35,11.96,35.67,IN,BE,apple_pay
ord_101622,cust_1094,2025-12-27 23:46:29,refunded,92.1,6.92,16.61,115.63,DE,TX,bank_transfer
ord_101623,cust_1504,2026-01-25 04:27:55,cancelled,209.32,11.11,10.36,230.79,GB,ON,paypal
ord_101624,cust_1310,2026-01-21 22:25:24,refunded,163.88,11.1,15.03,190.01,GB,NY,paypal
ord_101625,cust_1493,2026-02-04 13:22:09,paid,366.44,30.5,9.56,406.5,IN,TX,apple_pay
ord_101626,cust_1117,2026-01-24 17:16:16,paid,74.27,3.27,2.43,79.97,IN,WA,apple_pay
ord_101627,cust_1528,2026-01-28 18:00:55,paid,163.2,18.61,11.25,193.06,GB,ON,bank_transfer
ord_101628,cust_1143,2025-12-29 08:43:10,cancelled,194.79,11.24,7.97,214,GB,WA,paypal
ord_101629,cust_1050,2026-01-19 17:28:12,refunded,286.93,18.46,0.63,306.02,US,ON,bank_transfer
ord_101630,cust_1494,2026-01-14 16:57:54,refunded,127.38,6.54,16.77,150.69,IN,CA,apple_pay
ord_101631,cust_1383,2026-01-09 15:37:35,pending,73.97,8.08,15.72,97.77,CA,MH,paypal
ord_101632,cust_1414,2025-12-29 21:29:08,pending,238.66,28.11,4.46,271.23,IN,TX,card
ord_101633,cust_1001,2026-01-25 15:48:09,paid,57.46,6.29,14.42,78.17,DE,CA,paypal
ord_101634,cust_1409,2025-12-28 16:12:36,cancelled,235.36,24.52,11.89,271.77,IN,BE,bank_transfer
ord_101635,cust_1308,2025-12-28 09:00:50,paid,475.19,52.5,4.5,532.19,IN,ON,apple_pay
ord_101636,cust_1321,2026-01-30 08:50:29,pending,57.55,5.28,17.23,80.06,DE,LDN,paypal
ord_101637,cust_1330,2025-12-31 14:03:26,pending,279.22,13.3,5.4,297.92,IN,BE,card
ord_101638,cust_1020,2026-01-01 12:56:39,cancelled,117.45,7.15,15.98,140.58,GB,WA,bank_transfer
ord_101639,cust_1052,2026-02-06 17:35:58,paid,377.98,27.84,6.59,412.41,DE,TX,paypal
ord_101640,cust_1489,2026-01-20 23:13:52,pending,252.64,15.29,13.78,281.71,GB,WA,card
ord_101641,cust_1069,2025-12-28 08:10:20,refunded,203.92,18.57,9.95,232.44,US,KA,bank_transfer
ord_101642,cust_1466,2026-01-14 07:31:04,refunded,191.85,16.25,11.22,219.32,US,CA,apple_pay
ord_101643,cust_1132,2025-12-29 23:26:48,cancelled,144.6,7.9,9.38,161.88,GB,BE,apple_pay
ord_101644,cust_1255,2025-12-26 18:32:49,refunded,412.22,18.62,9.96,440.8,CA,LDN,apple_pay
ord_101645,cust_1539,2026-01-30 18:02:32,paid,204.83,16.38,12.93,234.14,CA,TX,apple_pay
ord_101646,cust_1153,2026-01-01 11:08:59,cancelled,11.35,1.1,5.38,17.83,US,ON,bank_transfer
ord_101647,cust_1222,2026-01-31 20:25:12,cancelled,74.09,3.82,10.05,87.96,IN,NY,apple_pay
ord_101648,cust_1325,2026-01-18 23:58:48,cancelled,399.26,38.98,16.61,454.85,IN,WA,card
ord_101649,cust_1298,2025-12-27 19:41:07,paid,129.22,5.61,16.43,151.26,DE,NY,bank_transfer
ord_101650,cust_1075,2026-02-03 08:08:23,refunded,428.72,35.26,7.94,471.92,DE,WA,paypal
ord_101651,cust_1335,2026-01-23 03:41:38,refunded,29.2,3.04,11.28,43.52,IN,KA,apple_pay
ord_101652,cust_1321,2026-01-17 15:22:43,refunded,142.12,11.8,8.98,162.9,US,MH,bank_transfer
ord_101653,cust_1180,2026-02-01 14:39:14,paid,200.92,11.55,8.52,220.99,GB,LDN,apple_pay
ord_101654,cust_1231,2026-01-08 01:44:38,refunded,268.83,24,2.1,294.93,IN,MH,card
ord_101655,cust_1535,2025-12-31 10:03:23,paid,105.9,6.02,2.03,113.95,IN,ON,paypal
ord_101656,cust_1273,2026-01-08 21:05:27,pending,177.37,15.63,9.06,202.06,FR,WA,card
ord_101657,cust_1204,2026-01-14 09:50:07,paid,89.52,9.61,1.16,100.29,DE,TX,apple_pay
ord_101658,cust_1206,2025-12-31 09:15:54,refunded,85.58,10.03,9.83,105.44,US,BE,paypal
ord_101659,cust_1529,2025-12-28 03:47:29,paid,216.52,23.15,17.28,256.95,DE,WA,apple_pay
ord_101660,cust_1055,2026-01-23 14:29:37,pending,397.93,25.05,12.06,435.04,US,MH,card
ord_101661,cust_1169,2026-01-31 07:12:39,paid,204.36,13.38,4.89,222.63,US,CA,card
ord_101662,cust_1132,2025-12-25 14:13:10,paid,401.68,18.68,14.63,434.99,DE,TX,paypal
ord_101663,cust_1330,2026-01-30 09:09:42,paid,288.37,13.63,13.43,315.43,FR,ON,bank_transfer
ord_101664,cust_1549,2026-01-17 02:43:51,refunded,156.4,6.32,8.5,171.22,CA,KA,apple_pay
ord_101665,cust_1020,2026-01-12 06:20:05,pending,211.61,14.43,11.38,237.42,IN,ON,paypal
ord_101666,cust_1462,2026-01-06 02:47:42,pending,443.89,20.36,16.18,480.43,GB,LDN,bank_transfer
ord_101667,cust_1213,2026-01-08 11:27:05,pending,181.99,15.8,14.7,212.49,IN,WA,card
ord_101668,cust_1400,2025-12-30 16:08:38,refunded,137.83,15.45,10.78,164.06,DE,CA,apple_pay
ord_101669,cust_1071,2026-02-04 22:57:23,cancelled,166.76,16.62,9.16,192.54,US,ON,card
ord_101670,cust_1448,2026-01-18 03:14:20,paid,298.89,32.44,5.55,336.88,DE,BE,bank_transfer
ord_101671,cust_1457,2026-01-20 05:06:43,pending,76.29,6.83,16.89,100.01,IN,ON,apple_pay
ord_101672,cust_1422,2026-01-14 13:36:48,refunded,236.77,14.27,14.26,265.3,DE,WA,apple_pay
ord_101673,cust_1409,2026-01-17 20:19:26,pending,288.23,20.52,3.41,312.16,IN,NY,paypal
ord_101674,cust_1122,2026-01-09 23:45:00,pending,162.56,15.54,11.98,190.08,CA,NY,bank_transfer
ord_101675,cust_1238,2026-01-17 17:31:23,pending,292.31,32.27,6.13,330.71,IN,MH,paypal
ord_101676,cust_1323,2026-01-25 14:18:33,cancelled,384.73,39.7,16.33,440.76,CA,KA,paypal
ord_101677,cust_1480,2026-01-18 22:09:27,paid,163.94,10.58,9.97,184.49,DE,ON,apple_pay
ord_101678,cust_1549,2026-01-25 04:56:20,refunded,110.81,10.25,6.24,127.3,IN,MH,card
ord_101679,cust_1196,2026-01-05 07:13:10,refunded,246.41,29.47,6.07,281.95,DE,WA,apple_pay
ord_101680,cust_1435,2026-02-01 18:43:01,pending,259.03,20.1,3.54,282.67,FR,WA,card
ord_101681,cust_1479,2026-01-15 20:55:35,pending,90.23,9.13,2.68,102.04,CA,TX,bank_transfer
ord_101682,cust_1449,2026-01-15 14:14:35,refunded,398.82,16.8,10.69,426.31,IN,MH,bank_transfer
ord_101683,cust_1234,2025-12-29 19:09:45,refunded,141.01,7.89,0.94,149.84,GB,WA,paypal
ord_101684,cust_1124,2026-02-02 19:50:36,cancelled,292.09,30.29,17.66,340.04,US,NY,bank_transfer
ord_101685,cust_1454,2026-01-11 08:49:44,refunded,367.15,17.03,16.51,400.69,FR,ON,card
ord_101686,cust_1420,2026-01-18 08:59:25,pending,440.77,24.56,14.49,479.82,US,NY,apple_pay
ord_101687,cust_1123,2026-01-12 15:00:24,paid,385.03,24.65,8.51,418.19,IN,NY,paypal
ord_101688,cust_1384,2026-01-14 12:19:28,paid,12.12,0.57,4.7,17.39,GB,CA,bank_transfer
ord_101689,cust_1408,2026-01-24 05:37:43,pending,291.19,16.1,0.3,307.59,FR,NY,paypal
ord_101690,cust_1371,2026-01-04 13:01:15,cancelled,217.77,9.74,3.5,231.01,IN,ON,apple_pay
ord_101691,cust_1223,2026-01-02 05:09:24,refunded,106.15,9.57,17.85,133.57,IN,MH,bank_transfer
ord_101692,cust_1358,2026-01-21 07:27:26,cancelled,407.02,28.18,7.94,443.14,US,TX,paypal
ord_101693,cust_1274,2025-12-26 22:05:36,refunded,181.73,8.51,0.77,191.01,US,NY,card
ord_101694,cust_1044,2025-12-31 01:01:22,paid,37.29,1.57,8.54,47.4,FR,NY,apple_pay
ord_101695,cust_1051,2026-02-03 23:31:52,paid,22.86,2.29,8.65,33.8,US,NY,apple_pay
ord_101696,cust_1511,2026-01-17 23:34:47,cancelled,183.61,9.04,12.34,204.99,GB,MH,apple_pay
ord_101697,cust_1170,2026-01-04 02:11:11,cancelled,236.86,18.07,6.99,261.92,CA,WA,apple_pay
ord_101698,cust_1446,2025-12-31 15:41:35,refunded,129.73,5.37,8.02,143.12,FR,NY,paypal
ord_101699,cust_1138,2026-02-04 02:18:13,pending,392.85,46.56,15.74,455.15,US,LDN,bank_transfer
ord_101700,cust_1344,2026-01-23 06:00:48,pending,486.43,50.34,6.84,543.61,DE,CA,apple_pay
ord_101701,cust_1501,2026-01-09 08:37:46,refunded,76.92,4.59,8.39,89.9,GB,WA,paypal
ord_101702,cust_1139,2026-01-02 04:08:56,cancelled,466.7,29.36,11.18,507.24,GB,KA,paypal
ord_101703,cust_1286,2025-12-25 06:50:47,paid,17.59,0.96,10.43,28.98,FR,MH,paypal
ord_101704,cust_1413,2026-01-08 20:15:16,pending,111.35,8.97,4.59,124.91,FR,LDN,apple_pay
ord_101705,cust_1359,2026-02-02 06:37:53,refunded,415.9,16.78,4.01,436.69,GB,ON,card
ord_101706,cust_1292,2026-02-06 07:37:14,pending,461.1,53.56,8.5,523.16,CA,ON,apple_pay
ord_101707,cust_1182,2026-02-05 18:15:18,pending,293.31,32.39,7.49,333.19,IN,WA,apple_pay
ord_101708,cust_1346,2026-01-25 03:50:53,refunded,412.01,49.22,7.73,468.96,GB,CA,apple_pay
ord_101709,cust_1060,2025-12-31 02:26:10,pending,362.35,22.34,4.89,389.58,GB,TX,card
ord_101710,cust_1523,2026-02-02 02:21:53,pending,72.61,8.41,8.16,89.18,GB,CA,card
ord_101711,cust_1086,2026-01-30 13:07:52,cancelled,399.76,43.08,10.16,453,DE,WA,bank_transfer
ord_101712,cust_1340,2026-02-01 16:10:13,paid,52.84,2.91,2.83,58.58,IN,KA,bank_transfer
ord_101713,cust_1339,2026-01-19 05:51:18,pending,290.14,25.48,17.86,333.48,CA,NY,card
ord_101714,cust_1166,2026-02-04 11:37:28,refunded,374.92,19.53,1.15,395.6,US,BE,paypal
ord_101715,cust_1077,2026-01-11 17:42:12,pending,359.71,33.71,10.89,404.31,IN,TX,card
ord_101716,cust_1101,2025-12-30 00:37:01,pending,262.46,12.95,6.92,282.33,IN,ON,card
ord_101717,cust_1080,2026-02-03 13:27:49,pending,308.32,15.15,7.63,331.1,GB,MH,apple_pay
ord_101718,cust_1290,2026-02-04 01:37:16,paid,21.83,2.12,12.9,36.85,CA,MH,bank_transfer
ord_101719,cust_1266,2026-01-14 22:42:22,paid,35.74,3.63,15.37,54.74,IN,TX,apple_pay
ord_101720,cust_1049,2026-02-04 07:09:08,paid,71.97,7.35,16.51,95.83,CA,MH,bank_transfer
ord_101721,cust_1334,2025-12-24 18:15:30,cancelled,35.95,2.56,10.15,48.66,US,BE,apple_pay
ord_101722,cust_1261,2026-01-08 01:13:15,cancelled,34.65,2.05,10.33,47.03,US,ON,paypal
ord_101723,cust_1400,2026-01-08 04:28:38,pending,381.56,28.88,11.61,422.05,GB,BE,card
ord_101724,cust_1396,2026-02-02 01:14:33,cancelled,82.5,4.7,10.38,97.58,GB,CA,bank_transfer
ord_101725,cust_1131,2026-01-01 00:21:16,cancelled,26.56,3.02,5.24,34.82,DE,TX,apple_pay
ord_101726,cust_1499,2026-01-10 11:50:47,refunded,411.15,40.87,17.06,469.08,CA,MH,paypal
ord_101727,cust_1039,2026-01-29 11:56:34,refunded,115.76,12.45,12.28,140.49,US,TX,bank_transfer
ord_101728,cust_1424,2026-01-11 06:19:13,refunded,124.15,6.05,5.37,135.57,US,ON,apple_pay
ord_101729,cust_1376,2026-01-14 21:27:13,pending,182.78,13.74,16.41,212.93,DE,KA,bank_transfer
ord_101730,cust_1156,2026-01-15 13:59:09,pending,173.22,10.03,6.3,189.55,IN,CA,apple_pay
ord_101731,cust_1281,2026-02-01 18:12:13,paid,223.06,21.18,6.86,251.1,CA,CA,card
ord_101732,cust_1365,2026-01-27 06:51:29,cancelled,96.04,11.51,5.41,112.96,IN,WA,card
ord_101733,cust_1204,2025-12-27 03:25:37,paid,310.92,13.87,12.19,336.98,DE,KA,card
ord_101734,cust_1462,2026-01-28 01:46:48,cancelled,257.19,16.56,3.86,277.61,IN,CA,paypal
ord_101735,cust_1178,2026-01-09 18:36:38,paid,17.6,1.61,11.16,30.37,IN,TX,card
ord_101736,cust_1008,2026-01-10 01:53:33,refunded,473.73,35.68,14.19,523.6,DE,WA,bank_transfer
ord_101737,cust_1475,2025-12-30 07:16:15,refunded,74.05,5.88,13.05,92.98,GB,NY,bank_transfer
ord_101738,cust_1274,2026-01-11 12:54:19,refunded,338.51,22.69,6.21,367.41,GB,LDN,apple_pay
ord_101739,cust_1036,2026-02-04 21:48:30,paid,357.87,38.25,15.25,411.37,DE,TX,apple_pay
ord_101740,cust_1125,2026-01-25 22:59:06,cancelled,182.27,19.13,8.8,210.2,FR,MH,paypal
ord_101741,cust_1481,2025-12-31 22:02:39,cancelled,252.6,22.07,16.8,291.47,US,TX,card
ord_101742,cust_1369,2026-01-30 13:53:25,pending,243.82,11.2,0.17,255.19,GB,MH,apple_pay
ord_101743,cust_1412,2026-01-02 03:24:52,pending,24.69,1.81,11.61,38.11,GB,LDN,apple_pay
ord_101744,cust_1064,2026-01-22 06:31:51,refunded,188.76,15.32,17.15,221.23,FR,CA,card
ord_101745,cust_1236,2026-02-02 12:23:49,refunded,368.7,34.92,4.93,408.55,DE,TX,bank_transfer
ord_101746,cust_1415,2026-01-31 00:15:32,refunded,33.16,2.96,4.07,40.19,GB,ON,bank_transfer
ord_101747,cust_1473,2026-01-04 08:03:53,paid,127.28,14.24,7.39,148.91,GB,ON,card
ord_101748,cust_1052,2026-01-10 10:29:18,pending,413.59,29.45,6.33,449.37,CA,NY,card
ord_101749,cust_1039,2026-01-09 22:19:35,paid,184.59,11.6,9.4,205.59,GB,CA,paypal
ord_101750,cust_1162,2026-01-07 09:21:45,paid,29.93,3.24,15.8,48.97,DE,WA,bank_transfer
ord_101751,cust_1341,2026-01-27 22:01:55,paid,70.62,4.94,1.6,77.16,FR,TX,apple_pay
ord_101752,cust_1323,2026-01-21 12:05:51,pending,372.76,36.37,16.22,425.35,CA,BE,card
ord_101753,cust_1183,2026-01-12 15:50:27,paid,15.37,1.23,4.67,21.27,US,CA,paypal
ord_101754,cust_1060,2026-01-08 09:38:39,paid,315.3,27.34,0.04,342.68,IN,NY,card
ord_101755,cust_1093,2026-02-01 03:17:39,paid,104.01,10.91,4.77,119.69,IN,NY,apple_pay
ord_101756,cust_1309,2025-12-25 23:33:37,pending,98.54,4.73,0.95,104.22,US,BE,paypal
ord_101757,cust_1146,2026-01-11 02:15:38,refunded,380.78,17.79,6.31,404.88,IN,BE,card
ord_101758,cust_1161,2026-01-24 16:53:22,paid,428.58,43.51,11.92,484.01,DE,MH,paypal
ord_101759,cust_1523,2026-01-24 19:20:39,cancelled,222.84,18.96,4.93,246.73,US,WA,card
ord_101760,cust_1076,2026-01-01 03:46:37,cancelled,177.02,18.06,9.87,204.95,FR,WA,bank_transfer
ord_101761,cust_1211,2026-01-31 15:12:03,cancelled,323.98,20.65,8.56,353.19,IN,LDN,card
ord_101762,cust_1362,2025-12-24 07:31:45,pending,93.21,4.07,12.13,109.41,CA,NY,apple_pay
ord_101763,cust_1076,2026-01-10 19:02:18,pending,238.86,25.1,8.86,272.82,FR,NY,bank_transfer
ord_101764,cust_1435,2025-12-30 16:22:00,refunded,297.74,35.27,7.44,340.45,GB,TX,apple_pay
ord_101765,cust_1057,2026-01-30 15:56:49,pending,317.46,23.84,5.91,347.21,DE,CA,card
ord_101766,cust_1138,2026-01-05 22:02:20,pending,317.31,12.9,14.07,344.28,DE,CA,card
ord_101767,cust_1092,2026-01-28 19:19:49,cancelled,485.83,56.31,4.05,546.19,FR,KA,card
ord_101768,cust_1541,2026-01-27 03:28:24,cancelled,254.25,10.24,8.7,273.19,DE,BE,paypal
ord_101769,cust_1198,2026-01-11 08:21:31,pending,397.22,41.28,17.95,456.45,GB,CA,apple_pay
ord_101770,cust_1475,2026-01-13 21:40:58,pending,361.69,40.94,9.34,411.97,US,KA,bank_transfer
ord_101771,cust_1279,2026-01-26 11:12:37,cancelled,226.83,23.12,12.29,262.24,CA,NY,bank_transfer
ord_101772,cust_1293,2025-12-28 22:38:38,refunded,450.17,34.34,12.08,496.59,FR,MH,card
ord_101773,cust_1198,2026-01-06 04:05:09,refunded,304.99,18.21,1.11,324.31,IN,KA,bank_transfer
ord_101774,cust_1117,2026-01-15 03:53:00,cancelled,494.95,53.02,15.44,563.41,GB,MH,paypal
ord_101775,cust_1103,2026-01-26 03:13:00,cancelled,65.01,6.05,13.53,84.59,FR,ON,bank_transfer
ord_101776,cust_1120,2026-01-25 17:54:53,cancelled,499.54,42.76,15.28,557.58,GB,ON,paypal
ord_101777,cust_1527,2025-12-29 19:44:21,refunded,305.09,26.37,9.76,341.22,IN,BE,bank_transfer
ord_101778,cust_1477,2025-12-26 13:57:49,refunded,390.92,32.81,5.29,429.02,CA,NY,bank_transfer
ord_101779,cust_1342,2026-01-30 11:40:08,pending,192.64,18.98,3.79,215.41,FR,CA,bank_transfer
ord_101780,cust_1338,2026-01-24 15:10:29,refunded,182.8,18.98,2.3,204.08,IN,ON,apple_pay
ord_101781,cust_1206,2026-01-09 21:56:06,paid,287.02,20.73,10.6,318.35,GB,KA,card
ord_101782,cust_1185,2026-01-18 02:24:45,paid,169.65,8.82,5.89,184.36,CA,WA,card
ord_101783,cust_1288,2026-02-05 17:01:50,paid,75.4,3.83,6.18,85.41,GB,NY,bank_transfer
ord_101784,cust_1053,2025-12-26 03:22:12,refunded,445.07,22.76,11.84,479.67,CA,CA,apple_pay
ord_101785,cust_1143,2026-01-09 09:36:11,refunded,332.08,34.51,14.97,381.56,CA,MH,paypal
ord_101786,cust_1114,2026-01-25 13:43:28,paid,486.14,48.16,4.66,538.96,US,KA,card
ord_101787,cust_1546,2025-12-27 08:28:44,paid,409.17,25.24,0.09,434.5,FR,TX,bank_transfer
ord_101788,cust_1311,2026-01-18 11:33:23,cancelled,20.23,1.32,0.68,22.23,CA,BE,card
ord_101789,cust_1230,2026-01-26 21:23:59,paid,63.49,6.52,1.83,71.84,GB,CA,card
ord_101790,cust_1210,2025-12-28 22:14:20,cancelled,152.57,10.74,1.5,164.81,FR,KA,apple_pay
ord_101791,cust_1482,2025-12-30 18:39:06,cancelled,473.67,21.88,17.69,513.24,FR,ON,bank_transfer
ord_101792,cust_1289,2026-02-04 00:13:57,paid,331.72,27.34,5.24,364.3,DE,ON,paypal
ord_101793,cust_1172,2025-12-24 23:11:50,cancelled,304.33,33.64,9.17,347.14,GB,MH,bank_transfer
ord_101794,cust_1201,2026-02-03 12:36:08,refunded,367.09,32.65,7.1,406.84,CA,NY,paypal
ord_101795,cust_1257,2026-01-06 04:59:06,pending,300.84,22.51,6.65,330,IN,BE,card
ord_101796,cust_1437,2026-01-22 08:46:23,paid,181.47,15.25,9.58,206.3,IN,MH,apple_pay
ord_101797,cust_1132,2026-01-29 23:29:41,paid,230.22,17.23,16.23,263.68,DE,CA,card
ord_101798,cust_1205,2025-12-29 07:36:08,pending,236.02,26.21,10.23,272.46,IN,KA,paypal
ord_101799,cust_1506,2025-12-31 00:26:14,cancelled,318.62,22.98,5.25,346.85,IN,WA,apple_pay
ord_101800,cust_1505,2026-01-03 00:24:24,pending,429.38,33.82,14.64,477.84,IN,BE,bank_transfer
ord_101801,cust_1387,2026-01-31 15:46:20,paid,222.38,26.25,6.82,255.45,US,LDN,bank_transfer
ord_101802,cust_1479,2026-01-28 22:36:29,pending,91.11,7.92,6.55,105.58,IN,ON,apple_pay
ord_101803,cust_1517,2026-01-02 11:23:52,paid,337.06,34.31,16.69,388.06,IN,KA,paypal
ord_101804,cust_1202,2026-01-15 15:28:41,refunded,406.99,25.44,2.57,435,GB,LDN,paypal
ord_101805,cust_1458,2025-12-26 07:30:53,pending,436.42,19.85,11.43,467.7,IN,NY,bank_transfer
ord_101806,cust_1501,2026-01-03 04:43:13,pending,448.08,21.18,7.95,477.21,DE,KA,card
ord_101807,cust_1502,2026-01-25 22:59:17,refunded,413.08,40.19,16.7,469.97,DE,BE,card
ord_101808,cust_1422,2026-01-16 00:24:42,pending,455.29,28.59,11.92,495.8,GB,BE,paypal
ord_101809,cust_1374,2026-01-14 17:44:28,refunded,289.06,27,17.09,333.15,GB,BE,apple_pay
ord_101810,cust_1316,2026-01-28 18:47:19,cancelled,72.85,6.4,12.68,91.93,DE,CA,card
ord_101811,cust_1514,2026-01-26 18:23:33,cancelled,432.1,32.65,1.66,466.41,CA,MH,paypal
ord_101812,cust_1521,2025-12-26 20:25:51,cancelled,88.68,4.33,7.42,100.43,US,MH,card
ord_101813,cust_1029,2026-01-13 16:24:20,paid,35.83,3.63,0.21,39.67,DE,MH,card
ord_101814,cust_1470,2025-12-26 17:51:10,pending,56.59,5.87,1.55,64.01,FR,BE,card
ord_101815,cust_1254,2025-12-25 14:52:41,paid,201.43,9.92,5.32,216.67,IN,TX,apple_pay
ord_101816,cust_1475,2026-02-05 18:09:36,pending,327.4,28.73,3.77,359.9,IN,BE,apple_pay
ord_101817,cust_1246,2026-01-15 22:30:08,pending,330.86,22.76,9.6,363.22,IN,NY,apple_pay
ord_101818,cust_1388,2026-02-03 12:24:40,refunded,354.62,42.18,8.37,405.17,FR,BE,apple_pay
ord_101819,cust_1368,2026-01-31 19:35:15,paid,435.69,35.59,10.92,482.2,CA,WA,card
ord_101820,cust_1254,2026-01-03 03:09:33,paid,485.8,44.6,1.94,532.34,DE,LDN,apple_pay
ord_101821,cust_1048,2026-01-25 09:40:15,pending,469.24,48.91,15.75,533.9,GB,MH,apple_pay
ord_101822,cust_1483,2026-02-02 01:46:56,pending,299.71,19.05,5.5,324.26,US,KA,card
ord_101823,cust_1188,2025-12-27 08:49:31,pending,470.51,24.5,4.79,499.8,DE,BE,apple_pay
ord_101824,cust_1152,2026-01-12 04:42:03,pending,444.1,39.12,17.13,500.35,US,BE,card
ord_101825,cust_1412,2025-12-24 08:07:46,refunded,119.53,5.48,8.86,133.87,GB,ON,card
ord_101826,cust_1035,2026-01-24 13:03:50,paid,178.61,14.77,5.11,198.49,CA,MH,apple_pay
ord_101827,cust_1544,2026-01-13 12:42:11,pending,267.01,27.41,8.46,302.88,DE,TX,bank_transfer
ord_101828,cust_1097,2026-01-03 23:15:59,paid,449.58,39.9,15.36,504.84,US,TX,card
ord_101829,cust_1422,2026-01-15 22:01:48,paid,467.25,31.41,14.88,513.54,FR,NY,paypal
ord_101830,cust_1332,2026-01-12 08:32:52,refunded,338.03,35.61,13.56,387.2,DE,BE,apple_pay
ord_101831,cust_1432,2026-02-05 10:06:55,pending,383.48,16.3,8.68,408.46,GB,LDN,bank_transfer
ord_101832,cust_1272,2025-12-26 06:13:17,paid,176.55,18,0.68,195.23,US,TX,apple_pay
ord_101833,cust_1024,2026-01-28 13:55:36,paid,172.46,13.22,5.31,190.99,FR,BE,apple_pay
ord_101834,cust_1192,2025-12-28 21:50:45,paid,28.59,2.79,17.54,48.92,US,MH,apple_pay
ord_101835,cust_1376,2026-01-09 21:18:39,cancelled,455.57,19.32,5.03,479.92,DE,KA,card
ord_101836,cust_1071,2026-01-31 06:15:03,refunded,337.82,26.05,1.77,365.64,FR,MH,card
ord_101837,cust_1247,2026-01-01 10:09:16,cancelled,116.85,5.12,1.49,123.46,GB,ON,paypal
ord_101838,cust_1491,2026-01-11 20:37:01,cancelled,393.94,20.24,7.26,421.44,IN,ON,bank_transfer
ord_101839,cust_1375,2026-02-06 12:01:54,paid,320.43,34.9,7.86,363.19,US,BE,bank_transfer
ord_101840,cust_1007,2025-12-26 11:35:49,paid,44.22,3.11,5.48,52.81,GB,BE,paypal
ord_101841,cust_1549,2026-01-23 13:37:51,paid,302.51,15.12,15.41,333.04,FR,CA,paypal
ord_101842,cust_1182,2026-01-26 19:52:40,paid,266.74,16.6,13.24,296.58,CA,NY,paypal
ord_101843,cust_1429,2026-01-06 10:00:03,cancelled,110.87,5.98,12.44,129.29,GB,WA,card
ord_101844,cust_1245,2026-02-01 15:56:41,pending,297.97,16.88,10.32,325.17,DE,BE,bank_transfer
ord_101845,cust_1361,2025-12-31 17:09:37,cancelled,125.2,8.46,12.51,146.17,IN,LDN,card
ord_101846,cust_1199,2026-01-12 21:16:09,refunded,294.79,16.93,12.05,323.77,FR,TX,card
ord_101847,cust_1301,2026-02-05 09:54:33,cancelled,474.86,56.02,12.43,543.31,US,LDN,paypal
ord_101848,cust_1130,2026-01-03 11:00:03,pending,247.59,18.08,7.69,273.36,IN,LDN,bank_transfer
ord_101849,cust_1314,2026-01-25 15:50:36,refunded,432.09,42.45,12.45,486.99,CA,MH,bank_transfer
ord_101850,cust_1498,2025-12-31 03:04:11,refunded,330.03,34.27,8.21,372.51,DE,NY,bank_transfer
ord_101851,cust_1254,2025-12-28 03:59:51,cancelled,446.81,46.94,1.69,495.44,FR,BE,apple_pay
ord_101852,cust_1031,2026-01-26 04:18:46,pending,272.93,19.27,10.33,302.53,FR,BE,apple_pay
ord_101853,cust_1455,2026-01-28 11:47:40,paid,188,15.63,12,215.63,FR,LDN,card
ord_101854,cust_1061,2026-02-06 09:12:15,cancelled,390.87,33.46,5.43,429.76,DE,MH,paypal
ord_101855,cust_1462,2026-01-19 04:54:07,refunded,309.19,25.32,2.8,337.31,IN,BE,paypal
ord_101856,cust_1543,2026-01-14 07:43:34,pending,105.43,4.82,3.5,113.75,IN,TX,bank_transfer
ord_101857,cust_1342,2026-01-17 06:05:49,paid,455.06,35.85,5.53,496.44,CA,TX,bank_transfer
ord_101858,cust_1304,2026-01-13 08:38:27,cancelled,345.69,21.93,0.96,368.58,CA,TX,paypal
ord_101859,cust_1375,2026-01-14 22:12:36,paid,394.68,31.81,11.24,437.73,IN,CA,card
ord_101860,cust_1369,2026-01-22 08:31:19,pending,225.97,12.99,0.83,239.79,DE,BE,paypal
ord_101861,cust_1032,2026-01-23 00:24:50,cancelled,107.79,7.12,13.54,128.45,FR,KA,card
ord_101862,cust_1194,2026-01-09 00:05:42,refunded,476.45,26.29,14.78,517.52,DE,NY,paypal
ord_101863,cust_1407,2026-01-02 21:34:49,cancelled,24.86,2.88,15.92,43.66,US,BE,bank_transfer
ord_101864,cust_1380,2026-01-29 03:47:02,cancelled,142.88,14.56,17.39,174.83,US,CA,apple_pay
ord_101865,cust_1416,2026-01-05 13:54:50,pending,323.67,22.64,15.92,362.23,US,TX,card
ord_101866,cust_1105,2026-02-01 19:35:08,paid,423.82,24.03,0.06,447.91,FR,WA,card
ord_101867,cust_1201,2026-01-11 13:06:23,refunded,221.85,16.81,15.89,254.55,US,WA,card
ord_101868,cust_1435,2026-02-05 07:56:29,pending,296.48,13.54,17.52,327.54,IN,BE,bank_transfer
ord_101869,cust_1014,2025-12-29 09:52:54,pending,170.71,9.78,6.06,186.55,US,BE,card
ord_101870,cust_1095,2026-01-30 15:45:33,refunded,82.27,9.34,0.99,92.6,FR,NY,card
ord_101871,cust_1123,2026-01-25 13:06:41,pending,187.84,14.02,4.39,206.25,IN,CA,card
ord_101872,cust_1463,2026-01-19 01:29:48,refunded,141.3,7.22,3.49,152.01,IN,MH,paypal
ord_101873,cust_1420,2025-12-26 02:35:18,paid,182.65,19.9,6.17,208.72,DE,BE,paypal
ord_101874,cust_1243,2026-02-03 00:30:23,refunded,265.91,30.11,2.62,298.64,DE,BE,card
ord_101875,cust_1443,2026-02-05 19:57:07,paid,24.77,2.67,1.41,28.85,IN,TX,bank_transfer
ord_101876,cust_1455,2026-01-27 12:03:55,refunded,221.37,18.37,4.57,244.31,DE,LDN,bank_transfer
ord_101877,cust_1519,2026-01-24 12:53:33,refunded,199.11,15.39,17.5,232,CA,BE,card
ord_101878,cust_1138,2026-01-15 11:01:51,pending,378.79,40.3,8.3,427.39,US,LDN,paypal
ord_101879,cust_1245,2026-01-23 17:30:16,refunded,230.88,23.45,1.75,256.08,IN,LDN,paypal
ord_101880,cust_1021,2026-01-14 14:11:33,refunded,255.64,25.66,17.11,298.41,GB,BE,apple_pay
ord_101881,cust_1309,2026-01-21 20:16:43,cancelled,204.32,24.17,6.91,235.4,GB,LDN,bank_transfer
ord_101882,cust_1105,2025-12-28 06:04:19,refunded,20.32,1.28,15.96,37.56,US,ON,apple_pay
ord_101883,cust_1264,2026-01-26 10:24:20,cancelled,177.88,18.4,17.79,214.07,FR,CA,card
ord_101884,cust_1446,2026-01-10 00:27:03,paid,190.29,20.6,10.27,221.16,FR,ON,bank_transfer
ord_101885,cust_1271,2026-02-05 03:58:12,refunded,60.47,5.05,5.06,70.58,CA,TX,paypal
ord_101886,cust_1466,2026-01-28 01:50:13,cancelled,464.82,21.21,8.6,494.63,IN,LDN,bank_transfer
ord_101887,cust_1158,2026-01-26 18:26:57,cancelled,301.59,12.71,13.53,327.83,DE,CA,paypal
ord_101888,cust_1224,2026-01-06 15:17:11,paid,189.37,19.3,11.96,220.63,GB,KA,paypal
ord_101889,cust_1060,2026-02-05 00:13:10,paid,258.2,18.43,3.47,280.1,US,CA,bank_transfer
ord_101890,cust_1433,2026-01-04 08:48:18,cancelled,231.84,26.21,12.91,270.96,FR,TX,bank_transfer
ord_101891,cust_1018,2025-12-24 02:41:52,cancelled,69.4,4.95,7.42,81.77,US,NY,apple_pay
ord_101892,cust_1144,2026-02-05 09:36:15,refunded,445.6,45.23,9.36,500.19,CA,WA,bank_transfer
ord_101893,cust_1479,2026-01-09 12:28:43,cancelled,349.57,33.72,4.96,388.25,FR,NY,apple_pay
ord_101894,cust_1417,2026-01-21 00:58:49,refunded,317.88,30.67,0.76,349.31,GB,BE,paypal
ord_101895,cust_1266,2026-01-29 22:43:05,cancelled,374.64,24.1,14.56,413.3,FR,KA,paypal
ord_101896,cust_1246,2026-01-30 11:47:56,cancelled,443.15,30.45,5.71,479.31,IN,ON,card
ord_101897,cust_1443,2026-01-11 13:50:45,cancelled,32.86,1.81,7.28,41.95,US,LDN,bank_transfer
ord_101898,cust_1225,2026-01-11 07:11:36,paid,140.63,13.43,0.99,155.05,DE,LDN,paypal
ord_101899,cust_1054,2025-12-31 13:33:46,paid,122.01,14.08,1.35,137.44,GB,MH,paypal
ord_101900,cust_1351,2026-01-10 16:12:44,refunded,141.23,8.34,3.65,153.22,CA,KA,bank_transfer
ord_101901,cust_1394,2026-01-28 08:15:09,cancelled,446.71,24.41,1.22,472.34,IN,NY,paypal
ord_101902,cust_1547,2026-01-17 01:16:55,paid,393.64,27.98,4.38,426,US,CA,paypal
ord_101903,cust_1249,2026-02-05 14:34:22,paid,196.8,21.62,1.57,219.99,FR,TX,apple_pay
ord_101904,cust_1439,2026-01-29 05:05:23,cancelled,176.02,7.26,3.42,186.7,US,BE,apple_pay
ord_101905,cust_1170,2026-01-07 18:12:06,refunded,62.2,6.06,7.46,75.72,IN,NY,bank_transfer
ord_101906,cust_1267,2026-01-10 23:07:30,refunded,191.91,18.96,15.45,226.32,FR,LDN,apple_pay
ord_101907,cust_1230,2026-01-04 09:22:34,refunded,62.94,6.59,6.53,76.06,GB,NY,apple_pay
ord_101908,cust_1230,2026-02-02 19:04:26,refunded,185.59,8.66,14.28,208.53,CA,WA,bank_transfer
ord_101909,cust_1445,2026-01-04 15:50:09,cancelled,429.09,32.42,3.81,465.32,CA,NY,paypal
ord_101910,cust_1541,2025-12-31 01:06:37,pending,229.18,22.07,8.34,259.59,FR,TX,paypal
ord_101911,cust_1423,2026-02-05 05:03:17,paid,102.98,10.04,13.52,126.54,DE,ON,apple_pay
ord_101912,cust_1450,2025-12-29 16:06:30,paid,214.14,14.96,9.26,238.36,US,ON,card
ord_101913,cust_1126,2026-01-14 21:53:35,refunded,204.66,21.14,3.06,228.86,FR,MH,card
ord_101914,cust_1431,2026-02-06 20:32:33,cancelled,263.46,29.49,3.36,296.31,FR,BE,bank_transfer
ord_101915,cust_1224,2026-02-03 04:35:07,paid,84.8,7.52,3.81,96.13,GB,BE,paypal
ord_101916,cust_1280,2026-01-28 13:20:45,pending,419.5,22.02,1.92,443.44,GB,MH,paypal
ord_101917,cust_1495,2026-01-10 23:38:47,refunded,477.78,37.21,7.05,522.04,CA,WA,paypal
ord_101918,cust_1242,2026-01-04 14:54:42,refunded,494.32,44.37,3.42,542.11,US,KA,paypal
ord_101919,cust_1210,2026-01-04 23:22:17,refunded,71.86,5.13,6.11,83.1,FR,KA,apple_pay
ord_101920,cust_1190,2026-01-30 16:11:58,pending,402.64,29.7,3.4,435.74,FR,BE,paypal
ord_101921,cust_1059,2026-01-20 12:40:25,refunded,410.35,43.25,5.19,458.79,IN,NY,apple_pay
ord_101922,cust_1343,2026-01-18 21:19:16,refunded,310.83,35.12,3.61,349.56,GB,WA,apple_pay
ord_101923,cust_1250,2026-02-02 19:46:42,paid,299.19,20.83,2.19,322.21,GB,NY,bank_transfer
ord_101924,cust_1250,2026-01-23 07:13:17,paid,121.06,6.13,13.35,140.54,IN,BE,bank_transfer
ord_101925,cust_1399,2026-01-02 04:26:27,pending,422.73,45.2,0.06,467.99,GB,TX,apple_pay
ord_101926,cust_1081,2026-01-08 00:37:39,cancelled,436.82,48.9,9.38,495.1,GB,LDN,card
ord_101927,cust_1044,2025-12-24 17:42:55,refunded,121.89,12.43,10.74,145.06,CA,NY,bank_transfer
ord_101928,cust_1432,2026-01-12 11:19:27,pending,219.84,12.38,6.17,238.39,CA,LDN,paypal
ord_101929,cust_1419,2026-01-14 05:59:40,paid,97.44,8.57,1.83,107.84,US,LDN,apple_pay
ord_101930,cust_1132,2026-01-14 02:59:39,pending,398.33,43.43,14.5,456.26,FR,WA,apple_pay
ord_101931,cust_1508,2026-01-19 07:06:47,pending,127.42,11.83,8.84,148.09,US,CA,card
ord_101932,cust_1151,2026-02-03 13:27:33,refunded,277.79,14.55,1.94,294.28,US,WA,card
ord_101933,cust_1016,2026-01-19 17:34:59,cancelled,106.18,12.48,3.79,122.45,CA,MH,paypal
ord_101934,cust_1260,2026-02-05 10:45:10,paid,143.24,8.18,16.49,167.91,DE,NY,bank_transfer
ord_101935,cust_1026,2026-01-06 22:04:47,pending,311.91,13.63,2.89,328.43,CA,NY,paypal
ord_101936,cust_1083,2026-01-14 05:04:57,refunded,137.32,11.68,12.57,161.57,CA,CA,card
ord_101937,cust_1518,2026-01-20 03:00:15,refunded,186.29,14.62,1.49,202.4,DE,ON,paypal
ord_101938,cust_1378,2026-01-19 01:44:30,paid,40.13,3.94,0.46,44.53,IN,WA,card
ord_101939,cust_1007,2026-01-28 01:45:45,paid,82.98,7.35,2.58,92.91,FR,WA,bank_transfer
ord_101940,cust_1137,2026-02-03 03:39:09,cancelled,185.53,10.72,14.52,210.77,GB,KA,apple_pay
ord_101941,cust_1336,2026-02-01 09:34:21,cancelled,428.29,29,4.99,462.28,FR,TX,bank_transfer
ord_101942,cust_1070,2026-01-07 04:33:56,pending,293.83,18.71,14.07,326.61,FR,CA,paypal
ord_101943,cust_1031,2026-01-08 13:23:04,cancelled,306.56,28.28,6.1,340.94,GB,BE,card
ord_101944,cust_1315,2026-01-22 04:08:14,refunded,491.89,23.26,12.75,527.9,DE,KA,paypal
ord_101945,cust_1030,2026-01-21 23:52:59,cancelled,283.06,30.8,17.03,330.89,FR,CA,paypal
ord_101946,cust_1265,2026-02-05 09:30:15,paid,52.05,2.92,10.3,65.27,IN,MH,apple_pay
ord_101947,cust_1316,2025-12-25 20:34:36,cancelled,68.11,6.69,2.97,77.77,GB,KA,paypal
ord_101948,cust_1349,2025-12-27 16:01:33,paid,11.35,1.22,1.08,13.65,US,TX,bank_transfer
ord_101949,cust_1250,2026-01-04 20:29:02,pending,499.48,21.66,4.27,525.41,GB,BE,bank_transfer
ord_101950,cust_1422,2026-02-06 13:41:29,paid,354.47,20.32,8.11,382.9,US,KA,card
ord_101951,cust_1262,2026-01-17 15:06:04,pending,283.69,24.95,1.73,310.37,DE,KA,card
ord_101952,cust_1239,2025-12-30 16:20:24,refunded,67.58,4.92,7.33,79.83,FR,KA,card
ord_101953,cust_1393,2026-01-08 02:52:42,paid,330.63,28.88,12.95,372.46,DE,BE,card
ord_101954,cust_1144,2026-01-04 02:50:12,pending,399.72,29.03,12.84,441.59,CA,KA,apple_pay
ord_101955,cust_1070,2026-01-27 00:51:05,paid,306.11,20.5,6.38,332.99,CA,KA,apple_pay
ord_101956,cust_1162,2026-01-21 08:30:24,pending,285.66,34.24,14.15,334.05,FR,CA,card
ord_101957,cust_1434,2026-01-14 21:39:22,refunded,24.06,1.72,7.06,32.84,US,ON,paypal
ord_101958,cust_1146,2026-01-28 00:06:43,pending,21.97,1.24,17.74,40.95,GB,LDN,bank_transfer
ord_101959,cust_1365,2026-01-09 05:20:23,refunded,304.24,17.99,7.15,329.38,GB,LDN,paypal
ord_101960,cust_1243,2026-02-04 16:05:32,pending,256.62,14.79,9.16,280.57,GB,CA,card
ord_101961,cust_1520,2026-01-03 12:04:38,refunded,78.83,9.43,0.33,88.59,IN,LDN,paypal
ord_101962,cust_1429,2026-01-02 00:47:56,cancelled,417.84,34.71,14.8,467.35,CA,NY,bank_transfer
ord_101963,cust_1545,2026-01-09 06:55:00,paid,359.1,36.89,3.42,399.41,CA,WA,card
ord_101964,cust_1424,2026-01-30 05:27:20,refunded,446.73,39.95,17.9,504.58,US,KA,card
ord_101965,cust_1375,2026-01-21 20:34:24,cancelled,395.76,40.29,11.6,447.65,FR,NY,apple_pay
ord_101966,cust_1025,2025-12-31 10:16:20,refunded,154.2,10.36,15.72,180.28,US,WA,apple_pay
ord_101967,cust_1211,2026-01-19 19:16:37,pending,317.17,28.39,1.62,347.18,GB,ON,apple_pay
ord_101968,cust_1351,2026-01-21 17:37:52,paid,96.94,8.44,9.34,114.72,US,KA,paypal
ord_101969,cust_1337,2026-01-15 10:27:19,cancelled,203.47,22.85,9.46,235.78,GB,WA,bank_transfer
ord_101970,cust_1538,2026-01-16 13:18:04,pending,495.08,56.09,16.5,567.67,CA,LDN,paypal
ord_101971,cust_1018,2026-01-22 14:43:40,refunded,46.73,4.16,5.43,56.32,DE,CA,apple_pay
ord_101972,cust_1458,2026-02-05 18:50:55,refunded,398.97,20.25,9.1,428.32,CA,MH,card
ord_101973,cust_1244,2026-01-31 14:30:47,paid,48.79,5.33,12.57,66.69,DE,MH,card
ord_101974,cust_1406,2025-12-31 06:36:14,pending,293.83,23.2,2.19,319.22,GB,ON,paypal
ord_101975,cust_1477,2026-01-19 11:38:30,cancelled,28.25,1.46,13.27,42.98,DE,ON,paypal
ord_101976,cust_1226,2026-01-02 20:28:37,paid,153.62,7.5,15.85,176.97,US,TX,apple_pay
ord_101977,cust_1511,2026-02-06 01:55:30,cancelled,242.58,11.24,9.99,263.81,DE,LDN,paypal
ord_101978,cust_1074,2025-12-30 12:07:37,pending,277.14,27.1,9.13,313.37,DE,CA,card
ord_101979,cust_1370,2026-01-19 07:26:54,refunded,320.26,25.66,0.79,346.71,IN,NY,paypal
ord_101980,cust_1064,2026-01-14 05:30:33,refunded,349.31,23.99,1.13,374.43,FR,NY,bank_transfer
ord_101981,cust_1435,2025-12-28 09:19:08,refunded,98.03,4.87,12.94,115.84,IN,WA,card
ord_101982,cust_1500,2026-01-10 07:36:05,cancelled,137.55,14.48,15.57,167.6,DE,WA,apple_pay
ord_101983,cust_1357,2026-02-02 23:29:07,paid,36.64,3.26,9.85,49.75,CA,ON,card
ord_101984,cust_1050,2025-12-25 20:59:49,cancelled,409.56,42.05,14.08,465.69,DE,TX,card
ord_101985,cust_1402,2026-01-25 02:32:32,cancelled,37.02,3.39,14.29,54.7,IN,KA,paypal
ord_101986,cust_1160,2025-12-28 06:09:21,pending,486.44,30.28,11,527.72,CA,TX,card
ord_101987,cust_1207,2026-01-20 05:27:49,refunded,108.14,6.23,13.97,128.34,IN,TX,paypal
ord_101988,cust_1098,2026-02-03 08:53:11,refunded,349.87,36.18,7.5,393.55,FR,CA,card
ord_101989,cust_1349,2026-01-19 23:45:03,cancelled,346.71,31.49,7.98,386.18,IN,KA,card
ord_101990,cust_1363,2026-01-28 03:41:41,refunded,52.29,3.76,7.55,63.6,GB,ON,card
ord_101991,cust_1179,2026-02-01 18:12:14,pending,300.23,16.79,4.51,321.53,IN,KA,bank_transfer
ord_101992,cust_1502,2025-12-29 12:56:42,pending,56.25,6.02,17.49,79.76,DE,MH,apple_pay
ord_101993,cust_1275,2026-01-14 20:29:03,pending,315.06,13.27,8.31,336.64,US,WA,card
ord_101994,cust_1155,2026-01-16 20:05:19,pending,265.61,13.23,0.06,278.9,GB,LDN,apple_pay
ord_101995,cust_1299,2025-12-28 08:16:52,cancelled,299.11,33.2,13.4,345.71,GB,KA,paypal
ord_101996,cust_1145,2026-01-27 02:55:18,paid,263.12,26.02,10.27,299.41,DE,TX,card
ord_101997,cust_1104,2026-01-10 06:00:52,pending,475.43,51.92,6.04,533.39,CA,WA,paypal
ord_101998,cust_1193,2026-01-18 02:51:39,refunded,130.08,9.01,7.47,146.56,IN,NY,paypal
ord_101999,cust_1109,2025-12-29 02:10:43,pending,476.53,48.99,13.96,539.48,FR,LDN,card
